state,date,division,index
Johor,2010-01-01,overall,99.4
Johor,2010-02-01,overall,99.4
Johor,2010-03-01,overall,99.4
Johor,2010-04-01,overall,99.4
Johor,2010-05-01,overall,99.6
Johor,2010-06-01,overall,99.8
Johor,2010-07-01,overall,100.1
Johor,2010-08-01,overall,100.3
Johor,2010-09-01,overall,100.3
Johor,2010-10-01,overall,100.5
Johor,2010-11-01,overall,100.8
Johor,2010-12-01,overall,101.1
Johor,2011-01-01,overall,101.7
Johor,2011-02-01,overall,102.4
Johor,2011-03-01,overall,102.3
Johor,2011-04-01,overall,102.5
Johor,2011-05-01,overall,102.8
Johor,2011-06-01,overall,103.3
Johor,2011-07-01,overall,103.6
Johor,2011-08-01,overall,103.7
Johor,2011-09-01,overall,103.9
Johor,2011-10-01,overall,104.2
Johor,2011-11-01,overall,104.2
Johor,2011-12-01,overall,104.4
Johor,2012-01-01,overall,105
Johor,2012-02-01,overall,104.7
Johor,2012-03-01,overall,104.5
Johor,2012-04-01,overall,104.5
Johor,2012-05-01,overall,104.9
Johor,2012-06-01,overall,105.1
Johor,2012-07-01,overall,105.1
Johor,2012-08-01,overall,105.4
Johor,2012-09-01,overall,105.6
Johor,2012-10-01,overall,105.6
Johor,2012-11-01,overall,105.8
Johor,2012-12-01,overall,105.9
Johor,2013-01-01,overall,106.5
Johor,2013-02-01,overall,106.7
Johor,2013-03-01,overall,106.7
Johor,2013-04-01,overall,106.6
Johor,2013-05-01,overall,106.9
Johor,2013-06-01,overall,107.1
Johor,2013-07-01,overall,107.4
Johor,2013-08-01,overall,107.6
Johor,2013-09-01,overall,108.7
Johor,2013-10-01,overall,109.3
Johor,2013-11-01,overall,109.5
Johor,2013-12-01,overall,110
Johor,2014-01-01,overall,110.5
Johor,2014-02-01,overall,110.7
Johor,2014-03-01,overall,110.8
Johor,2014-04-01,overall,110.9
Johor,2014-05-01,overall,111
Johor,2014-06-01,overall,111.2
Johor,2014-07-01,overall,111.4
Johor,2014-08-01,overall,111.8
Johor,2014-09-01,overall,112
Johor,2014-10-01,overall,112.7
Johor,2014-11-01,overall,113.4
Johor,2014-12-01,overall,113.3
Johor,2015-01-01,overall,112.2
Johor,2015-02-01,overall,111.1
Johor,2015-03-01,overall,112.3
Johor,2015-04-01,overall,113.6
Johor,2015-05-01,overall,114
Johor,2015-06-01,overall,114.9
Johor,2015-07-01,overall,115.9
Johor,2015-08-01,overall,116.3
Johor,2015-09-01,overall,115.9
Johor,2015-10-01,overall,116.5
Johor,2015-11-01,overall,117.5
Johor,2015-12-01,overall,117.6
Johor,2016-01-01,overall,117.4
Johor,2016-02-01,overall,117.2
Johor,2016-03-01,overall,116.5
Johor,2016-04-01,overall,117.1
Johor,2016-05-01,overall,117.4
Johor,2016-06-01,overall,117.6
Johor,2016-07-01,overall,118.1
Johor,2016-08-01,overall,118.5
Johor,2016-09-01,overall,118.2
Johor,2016-10-01,overall,118.5
Johor,2016-11-01,overall,119.7
Johor,2016-12-01,overall,119.7
Johor,2017-01-01,overall,121.4
Johor,2017-02-01,overall,123.2
Johor,2017-03-01,overall,123
Johor,2017-04-01,overall,122.8
Johor,2017-05-01,overall,122.3
Johor,2017-06-01,overall,122.2
Johor,2017-07-01,overall,122.1
Johor,2017-08-01,overall,123.3
Johor,2017-09-01,overall,123.7
Johor,2017-10-01,overall,123.5
Johor,2017-11-01,overall,124.3
Johor,2017-12-01,overall,124.5
Johor,2018-01-01,overall,124.9
Johor,2018-02-01,overall,125
Johor,2018-03-01,overall,124.4
Johor,2018-04-01,overall,124.4
Johor,2018-05-01,overall,124.7
Johor,2018-06-01,overall,123.1
Johor,2018-07-01,overall,123.3
Johor,2018-08-01,overall,123.6
Johor,2018-09-01,overall,124
Johor,2018-10-01,overall,124.3
Johor,2018-11-01,overall,124.7
Johor,2018-12-01,overall,124.6
Johor,2019-01-01,overall,124
Johor,2019-02-01,overall,124.3
Johor,2019-03-01,overall,124.6
Johor,2019-04-01,overall,124.7
Johor,2019-05-01,overall,125
Johor,2019-06-01,overall,125
Johor,2019-07-01,overall,125.2
Johor,2019-08-01,overall,125.3
Johor,2019-09-01,overall,125.5
Johor,2019-10-01,overall,125.7
Johor,2019-11-01,overall,125.7
Johor,2019-12-01,overall,126
Johor,2020-01-01,overall,126.2
Johor,2020-02-01,overall,126
Johor,2020-03-01,overall,124.3
Johor,2020-04-01,overall,120.5
Johor,2020-05-01,overall,120.8
Johor,2020-06-01,overall,122.3
Johor,2020-07-01,overall,123.1
Johor,2020-08-01,overall,123.2
Johor,2020-09-01,overall,123.1
Johor,2020-10-01,overall,123.1
Johor,2020-11-01,overall,123
Johor,2020-12-01,overall,123.5
Johor,2021-01-01,overall,125.2
Johor,2021-02-01,overall,125.7
Johor,2021-03-01,overall,126.2
Johor,2021-04-01,overall,126.4
Johor,2021-05-01,overall,126.3
Johor,2021-06-01,overall,126.5
Johor,2021-07-01,overall,125.7
Johor,2021-08-01,overall,125.7
Johor,2021-09-01,overall,126
Johor,2021-10-01,overall,126.9
Johor,2021-11-01,overall,127.3
Johor,2021-12-01,overall,127.7
Johor,2022-01-01,overall,128
Johor,2022-02-01,overall,128.1
Johor,2022-03-01,overall,128.7
Johor,2022-04-01,overall,129
Johor,2022-05-01,overall,130
Johor,2022-06-01,overall,131.2
Johor,2022-07-01,overall,131.6
Johor,2022-08-01,overall,131.8
Johor,2022-09-01,overall,131.9
Johor,2022-10-01,overall,131.9
Johor,2022-11-01,overall,132.6
Johor,2022-12-01,overall,132.7
Johor,2023-01-01,overall,132.9
Johor,2023-02-01,overall,133.4
Johor,2023-03-01,overall,133.4
Johor,2023-04-01,overall,133.3
Johor,2023-05-01,overall,133.5
Johor,2023-06-01,overall,133.7
Johor,2023-07-01,overall,133.8
Johor,2023-08-01,overall,134.1
Johor,2023-09-01,overall,134.2
Johor,2023-10-01,overall,134.2
Johor,2023-11-01,overall,134.3
Johor,2023-12-01,overall,134.6
Johor,2024-01-01,overall,134.9
Johor,2024-02-01,overall,135.4
Johor,2024-03-01,overall,135.4
Johor,2024-04-01,overall,135.4
Johor,2024-05-01,overall,136
Johor,2024-06-01,overall,136.4
Johor,2024-07-01,overall,136.4
Johor,2024-08-01,overall,136.5
Kedah,2010-01-01,overall,99.6
Kedah,2010-02-01,overall,99.5
Kedah,2010-03-01,overall,99.3
Kedah,2010-04-01,overall,99.3
Kedah,2010-05-01,overall,99.5
Kedah,2010-06-01,overall,99.7
Kedah,2010-07-01,overall,99.9
Kedah,2010-08-01,overall,100.2
Kedah,2010-09-01,overall,100.1
Kedah,2010-10-01,overall,100.6
Kedah,2010-11-01,overall,101
Kedah,2010-12-01,overall,101.3
Kedah,2011-01-01,overall,101.8
Kedah,2011-02-01,overall,102.3
Kedah,2011-03-01,overall,102.4
Kedah,2011-04-01,overall,102.6
Kedah,2011-05-01,overall,102.9
Kedah,2011-06-01,overall,103.1
Kedah,2011-07-01,overall,103.3
Kedah,2011-08-01,overall,103.4
Kedah,2011-09-01,overall,103.7
Kedah,2011-10-01,overall,104
Kedah,2011-11-01,overall,104.1
Kedah,2011-12-01,overall,104.2
Kedah,2012-01-01,overall,104.6
Kedah,2012-02-01,overall,104.5
Kedah,2012-03-01,overall,104.3
Kedah,2012-04-01,overall,104.4
Kedah,2012-05-01,overall,104.8
Kedah,2012-06-01,overall,105
Kedah,2012-07-01,overall,104.9
Kedah,2012-08-01,overall,105
Kedah,2012-09-01,overall,105.3
Kedah,2012-10-01,overall,105.7
Kedah,2012-11-01,overall,105.6
Kedah,2012-12-01,overall,105.6
Kedah,2013-01-01,overall,106.3
Kedah,2013-02-01,overall,106.3
Kedah,2013-03-01,overall,106.4
Kedah,2013-04-01,overall,106.5
Kedah,2013-05-01,overall,106.7
Kedah,2013-06-01,overall,106.8
Kedah,2013-07-01,overall,107.1
Kedah,2013-08-01,overall,107.2
Kedah,2013-09-01,overall,108.3
Kedah,2013-10-01,overall,108.7
Kedah,2013-11-01,overall,108.7
Kedah,2013-12-01,overall,109.1
Kedah,2014-01-01,overall,109.7
Kedah,2014-02-01,overall,110
Kedah,2014-03-01,overall,110.2
Kedah,2014-04-01,overall,110.1
Kedah,2014-05-01,overall,110
Kedah,2014-06-01,overall,110.1
Kedah,2014-07-01,overall,110.3
Kedah,2014-08-01,overall,110.4
Kedah,2014-09-01,overall,110.6
Kedah,2014-10-01,overall,111.4
Kedah,2014-11-01,overall,111.7
Kedah,2014-12-01,overall,111.6
Kedah,2015-01-01,overall,110.4
Kedah,2015-02-01,overall,109.6
Kedah,2015-03-01,overall,110.7
Kedah,2015-04-01,overall,111.5
Kedah,2015-05-01,overall,112.2
Kedah,2015-06-01,overall,112.8
Kedah,2015-07-01,overall,113.7
Kedah,2015-08-01,overall,113.5
Kedah,2015-09-01,overall,113.4
Kedah,2015-10-01,overall,113.9
Kedah,2015-11-01,overall,114.2
Kedah,2015-12-01,overall,114.1
Kedah,2016-01-01,overall,114
Kedah,2016-02-01,overall,113.6
Kedah,2016-03-01,overall,113
Kedah,2016-04-01,overall,113.5
Kedah,2016-05-01,overall,113.7
Kedah,2016-06-01,overall,114
Kedah,2016-07-01,overall,114.4
Kedah,2016-08-01,overall,114.8
Kedah,2016-09-01,overall,114.5
Kedah,2016-10-01,overall,114.9
Kedah,2016-11-01,overall,115.8
Kedah,2016-12-01,overall,116
Kedah,2017-01-01,overall,117.6
Kedah,2017-02-01,overall,119.1
Kedah,2017-03-01,overall,119
Kedah,2017-04-01,overall,118.6
Kedah,2017-05-01,overall,118.3
Kedah,2017-06-01,overall,118.1
Kedah,2017-07-01,overall,118
Kedah,2017-08-01,overall,119.1
Kedah,2017-09-01,overall,119.5
Kedah,2017-10-01,overall,119.2
Kedah,2017-11-01,overall,119.9
Kedah,2017-12-01,overall,120
Kedah,2018-01-01,overall,114.3
Kedah,2018-02-01,overall,114.5
Kedah,2018-03-01,overall,113.9
Kedah,2018-04-01,overall,119.8
Kedah,2018-05-01,overall,119.8
Kedah,2018-06-01,overall,118.5
Kedah,2018-07-01,overall,118.5
Kedah,2018-08-01,overall,118.7
Kedah,2018-09-01,overall,118.9
Kedah,2018-10-01,overall,119.1
Kedah,2018-11-01,overall,119.1
Kedah,2018-12-01,overall,119.3
Kedah,2019-01-01,overall,118.5
Kedah,2019-02-01,overall,118.8
Kedah,2019-03-01,overall,119.2
Kedah,2019-04-01,overall,119.1
Kedah,2019-05-01,overall,119.4
Kedah,2019-06-01,overall,119.4
Kedah,2019-07-01,overall,119.5
Kedah,2019-08-01,overall,119.8
Kedah,2019-09-01,overall,119.8
Kedah,2019-10-01,overall,120
Kedah,2019-11-01,overall,120
Kedah,2019-12-01,overall,120.2
Kedah,2020-01-01,overall,120.2
Kedah,2020-02-01,overall,120.1
Kedah,2020-03-01,overall,118.5
Kedah,2020-04-01,overall,114.6
Kedah,2020-05-01,overall,115
Kedah,2020-06-01,overall,116.4
Kedah,2020-07-01,overall,117.2
Kedah,2020-08-01,overall,117.3
Kedah,2020-09-01,overall,117.3
Kedah,2020-10-01,overall,117.2
Kedah,2020-11-01,overall,116.9
Kedah,2020-12-01,overall,117.6
Kedah,2021-01-01,overall,119.3
Kedah,2021-02-01,overall,119.8
Kedah,2021-03-01,overall,120.3
Kedah,2021-04-01,overall,120.5
Kedah,2021-05-01,overall,120.5
Kedah,2021-06-01,overall,120.5
Kedah,2021-07-01,overall,119.7
Kedah,2021-08-01,overall,119.8
Kedah,2021-09-01,overall,119.9
Kedah,2021-10-01,overall,120.9
Kedah,2021-11-01,overall,121.2
Kedah,2021-12-01,overall,121.9
Kedah,2022-01-01,overall,122.1
Kedah,2022-02-01,overall,122.4
Kedah,2022-03-01,overall,122.6
Kedah,2022-04-01,overall,122.8
Kedah,2022-05-01,overall,123.1
Kedah,2022-06-01,overall,123.6
Kedah,2022-07-01,overall,123.9
Kedah,2022-08-01,overall,123.9
Kedah,2022-09-01,overall,124
Kedah,2022-10-01,overall,124.2
Kedah,2022-11-01,overall,124.5
Kedah,2022-12-01,overall,124.6
Kedah,2023-01-01,overall,124.8
Kedah,2023-02-01,overall,125.2
Kedah,2023-03-01,overall,125.2
Kedah,2023-04-01,overall,125.3
Kedah,2023-05-01,overall,125.5
Kedah,2023-06-01,overall,125.6
Kedah,2023-07-01,overall,125.7
Kedah,2023-08-01,overall,125.7
Kedah,2023-09-01,overall,125.8
Kedah,2023-10-01,overall,125.8
Kedah,2023-11-01,overall,126
Kedah,2023-12-01,overall,126.2
Kedah,2024-01-01,overall,126.4
Kedah,2024-02-01,overall,126.3
Kedah,2024-03-01,overall,127
Kedah,2024-04-01,overall,127
Kedah,2024-05-01,overall,127.3
Kedah,2024-06-01,overall,127.4
Kedah,2024-07-01,overall,127.5
Kedah,2024-08-01,overall,127.5
Kelantan,2010-01-01,overall,99.1
Kelantan,2010-02-01,overall,99
Kelantan,2010-03-01,overall,99
Kelantan,2010-04-01,overall,99.2
Kelantan,2010-05-01,overall,99.4
Kelantan,2010-06-01,overall,99.7
Kelantan,2010-07-01,overall,100
Kelantan,2010-08-01,overall,100.5
Kelantan,2010-09-01,overall,100.6
Kelantan,2010-10-01,overall,100.7
Kelantan,2010-11-01,overall,101.2
Kelantan,2010-12-01,overall,101.7
Kelantan,2011-01-01,overall,102.4
Kelantan,2011-02-01,overall,102.6
Kelantan,2011-03-01,overall,102.8
Kelantan,2011-04-01,overall,103.3
Kelantan,2011-05-01,overall,103.8
Kelantan,2011-06-01,overall,104.1
Kelantan,2011-07-01,overall,104.3
Kelantan,2011-08-01,overall,104.6
Kelantan,2011-09-01,overall,104.7
Kelantan,2011-10-01,overall,104.8
Kelantan,2011-11-01,overall,104.8
Kelantan,2011-12-01,overall,105.1
Kelantan,2012-01-01,overall,105.6
Kelantan,2012-02-01,overall,105.3
Kelantan,2012-03-01,overall,105.2
Kelantan,2012-04-01,overall,105.1
Kelantan,2012-05-01,overall,105.5
Kelantan,2012-06-01,overall,106
Kelantan,2012-07-01,overall,105.8
Kelantan,2012-08-01,overall,106.1
Kelantan,2012-09-01,overall,106
Kelantan,2012-10-01,overall,105.9
Kelantan,2012-11-01,overall,106
Kelantan,2012-12-01,overall,106.1
Kelantan,2013-01-01,overall,106.6
Kelantan,2013-02-01,overall,106.8
Kelantan,2013-03-01,overall,106.8
Kelantan,2013-04-01,overall,106.9
Kelantan,2013-05-01,overall,107.3
Kelantan,2013-06-01,overall,107.8
Kelantan,2013-07-01,overall,108.3
Kelantan,2013-08-01,overall,108.3
Kelantan,2013-09-01,overall,109
Kelantan,2013-10-01,overall,109.4
Kelantan,2013-11-01,overall,109.7
Kelantan,2013-12-01,overall,110.2
Kelantan,2014-01-01,overall,110.6
Kelantan,2014-02-01,overall,110.8
Kelantan,2014-03-01,overall,110.9
Kelantan,2014-04-01,overall,110.9
Kelantan,2014-05-01,overall,111.1
Kelantan,2014-06-01,overall,111.3
Kelantan,2014-07-01,overall,111.8
Kelantan,2014-08-01,overall,111.8
Kelantan,2014-09-01,overall,111.8
Kelantan,2014-10-01,overall,112.5
Kelantan,2014-11-01,overall,112.8
Kelantan,2014-12-01,overall,113.1
Kelantan,2015-01-01,overall,111.8
Kelantan,2015-02-01,overall,110.8
Kelantan,2015-03-01,overall,111.6
Kelantan,2015-04-01,overall,112.8
Kelantan,2015-05-01,overall,113.2
Kelantan,2015-06-01,overall,113.9
Kelantan,2015-07-01,overall,115.3
Kelantan,2015-08-01,overall,114.6
Kelantan,2015-09-01,overall,114.1
Kelantan,2015-10-01,overall,114.5
Kelantan,2015-11-01,overall,115.2
Kelantan,2015-12-01,overall,115.1
Kelantan,2016-01-01,overall,114.941158638871
Kelantan,2016-02-01,overall,114.920607201493
Kelantan,2016-03-01,overall,114.027641085334
Kelantan,2016-04-01,overall,114.29335328196
Kelantan,2016-05-01,overall,114.65024731018801
Kelantan,2016-06-01,overall,115.319573230045
Kelantan,2016-07-01,overall,115.7977162573
Kelantan,2016-08-01,overall,115.811633199221
Kelantan,2016-09-01,overall,115.496045580792
Kelantan,2016-10-01,overall,115.477677010058
Kelantan,2016-11-01,overall,116.716058898443
Kelantan,2016-12-01,overall,116.807505885788
Kelantan,2017-01-01,overall,118.316850801428
Kelantan,2017-02-01,overall,119.537756685594
Kelantan,2017-03-01,overall,119.258390835496
Kelantan,2017-04-01,overall,118.724921755354
Kelantan,2017-05-01,overall,118.6601173183
Kelantan,2017-06-01,overall,118.642493797859
Kelantan,2017-07-01,overall,118.679499829656
Kelantan,2017-08-01,overall,119.675361312459
Kelantan,2017-09-01,overall,119.779673955224
Kelantan,2017-10-01,overall,119.608252634653
Kelantan,2017-11-01,overall,120.265881825114
Kelantan,2017-12-01,overall,120.49999380597001
Kelantan,2018-01-01,overall,120.872199865293
Kelantan,2018-02-01,overall,120.780835657686
Kelantan,2018-03-01,overall,120.194126695721
Kelantan,2018-04-01,overall,120.00085118859
Kelantan,2018-05-01,overall,120.400869175911
Kelantan,2018-06-01,overall,119.391012337559
Kelantan,2018-07-01,overall,119.523340816165
Kelantan,2018-08-01,overall,119.582296061807
Kelantan,2018-09-01,overall,119.760072709984
Kelantan,2018-10-01,overall,119.786256156894
Kelantan,2018-11-01,overall,120.17238322504
Kelantan,2018-12-01,overall,120.529869104596
Kelantan,2019-01-01,overall,120
Kelantan,2019-02-01,overall,120
Kelantan,2019-03-01,overall,120
Kelantan,2019-04-01,overall,119.9
Kelantan,2019-05-01,overall,120.7
Kelantan,2019-06-01,overall,120.8
Kelantan,2019-07-01,overall,120.8
Kelantan,2019-08-01,overall,121
Kelantan,2019-09-01,overall,120.8
Kelantan,2019-10-01,overall,120.8
Kelantan,2019-11-01,overall,120.7
Kelantan,2019-12-01,overall,121.1
Kelantan,2020-01-01,overall,121.2
Kelantan,2020-02-01,overall,121.1
Kelantan,2020-03-01,overall,119.5
Kelantan,2020-04-01,overall,115.9
Kelantan,2020-05-01,overall,116.2
Kelantan,2020-06-01,overall,117.9
Kelantan,2020-07-01,overall,118.9
Kelantan,2020-08-01,overall,118.9
Kelantan,2020-09-01,overall,118.8
Kelantan,2020-10-01,overall,118.8
Kelantan,2020-11-01,overall,118.6
Kelantan,2020-12-01,overall,119.6
Kelantan,2021-01-01,overall,121.4
Kelantan,2021-02-01,overall,121.9
Kelantan,2021-03-01,overall,122.2
Kelantan,2021-04-01,overall,122.5
Kelantan,2021-05-01,overall,122.7
Kelantan,2021-06-01,overall,122.7
Kelantan,2021-07-01,overall,121.8
Kelantan,2021-08-01,overall,121.8
Kelantan,2021-09-01,overall,122.1
Kelantan,2021-10-01,overall,123.1
Kelantan,2021-11-01,overall,123.4
Kelantan,2021-12-01,overall,124.1
Kelantan,2022-01-01,overall,124.3
Kelantan,2022-02-01,overall,124.5
Kelantan,2022-03-01,overall,124.8
Kelantan,2022-04-01,overall,125
Kelantan,2022-05-01,overall,125.6
Kelantan,2022-06-01,overall,126.2
Kelantan,2022-07-01,overall,126.4
Kelantan,2022-08-01,overall,126.3
Kelantan,2022-09-01,overall,126.5
Kelantan,2022-10-01,overall,126.7
Kelantan,2022-11-01,overall,127
Kelantan,2022-12-01,overall,127.2
Kelantan,2023-01-01,overall,127.4
Kelantan,2023-02-01,overall,127.6
Kelantan,2023-03-01,overall,127.8
Kelantan,2023-04-01,overall,127.9
Kelantan,2023-05-01,overall,127.9
Kelantan,2023-06-01,overall,128
Kelantan,2023-07-01,overall,128.2
Kelantan,2023-08-01,overall,128.2
Kelantan,2023-09-01,overall,128.2
Kelantan,2023-10-01,overall,128.3
Kelantan,2023-11-01,overall,128.1
Kelantan,2023-12-01,overall,128.4
Kelantan,2024-01-01,overall,128.6
Kelantan,2024-02-01,overall,129.2
Kelantan,2024-03-01,overall,129.2
Kelantan,2024-04-01,overall,129.2
Kelantan,2024-05-01,overall,129.4
Kelantan,2024-06-01,overall,129.6
Kelantan,2024-07-01,overall,129.5
Kelantan,2024-08-01,overall,129.4
Melaka,2010-01-01,overall,99.5
Melaka,2010-02-01,overall,99.5
Melaka,2010-03-01,overall,99.4
Melaka,2010-04-01,overall,99.4
Melaka,2010-05-01,overall,99.6
Melaka,2010-06-01,overall,99.7
Melaka,2010-07-01,overall,100.1
Melaka,2010-08-01,overall,100.3
Melaka,2010-09-01,overall,100.3
Melaka,2010-10-01,overall,100.4
Melaka,2010-11-01,overall,100.6
Melaka,2010-12-01,overall,101.1
Melaka,2011-01-01,overall,101.8
Melaka,2011-02-01,overall,102.3
Melaka,2011-03-01,overall,102.2
Melaka,2011-04-01,overall,102.4
Melaka,2011-05-01,overall,102.5
Melaka,2011-06-01,overall,102.8
Melaka,2011-07-01,overall,103
Melaka,2011-08-01,overall,103
Melaka,2011-09-01,overall,103.4
Melaka,2011-10-01,overall,103.6
Melaka,2011-11-01,overall,103.9
Melaka,2011-12-01,overall,104.1
Melaka,2012-01-01,overall,104.4
Melaka,2012-02-01,overall,104.2
Melaka,2012-03-01,overall,104.2
Melaka,2012-04-01,overall,104.2
Melaka,2012-05-01,overall,104.6
Melaka,2012-06-01,overall,104.7
Melaka,2012-07-01,overall,104.8
Melaka,2012-08-01,overall,105
Melaka,2012-09-01,overall,105.2
Melaka,2012-10-01,overall,105.3
Melaka,2012-11-01,overall,105.2
Melaka,2012-12-01,overall,105.3
Melaka,2013-01-01,overall,105.8
Melaka,2013-02-01,overall,105.8
Melaka,2013-03-01,overall,105.8
Melaka,2013-04-01,overall,105.9
Melaka,2013-05-01,overall,106.2
Melaka,2013-06-01,overall,106.3
Melaka,2013-07-01,overall,106.5
Melaka,2013-08-01,overall,106.6
Melaka,2013-09-01,overall,107.8
Melaka,2013-10-01,overall,107.9
Melaka,2013-11-01,overall,108.3
Melaka,2013-12-01,overall,108.6
Melaka,2014-01-01,overall,109.2
Melaka,2014-02-01,overall,109.5
Melaka,2014-03-01,overall,109.7
Melaka,2014-04-01,overall,109.6
Melaka,2014-05-01,overall,109.8
Melaka,2014-06-01,overall,109.9
Melaka,2014-07-01,overall,110
Melaka,2014-08-01,overall,110.3
Melaka,2014-09-01,overall,110.4
Melaka,2014-10-01,overall,111
Melaka,2014-11-01,overall,111.6
Melaka,2014-12-01,overall,111.5
Melaka,2015-01-01,overall,110.4
Melaka,2015-02-01,overall,109.8
Melaka,2015-03-01,overall,110.8
Melaka,2015-04-01,overall,111.4
Melaka,2015-05-01,overall,111.7
Melaka,2015-06-01,overall,112.6
Melaka,2015-07-01,overall,113.5
Melaka,2015-08-01,overall,113.2
Melaka,2015-09-01,overall,113.3
Melaka,2015-10-01,overall,113.6
Melaka,2015-11-01,overall,114.3
Melaka,2015-12-01,overall,114.2
Melaka,2016-01-01,overall,114.1
Melaka,2016-02-01,overall,114.1
Melaka,2016-03-01,overall,113.4
Melaka,2016-04-01,overall,113.9
Melaka,2016-05-01,overall,114.1
Melaka,2016-06-01,overall,114.3
Melaka,2016-07-01,overall,114.7
Melaka,2016-08-01,overall,115
Melaka,2016-09-01,overall,114.6
Melaka,2016-10-01,overall,115
Melaka,2016-11-01,overall,116.2
Melaka,2016-12-01,overall,116.4
Melaka,2017-01-01,overall,117.8
Melaka,2017-02-01,overall,119.4
Melaka,2017-03-01,overall,119.2
Melaka,2017-04-01,overall,119.1
Melaka,2017-05-01,overall,118.9
Melaka,2017-06-01,overall,118.7
Melaka,2017-07-01,overall,118.6
Melaka,2017-08-01,overall,119.6
Melaka,2017-09-01,overall,120.1
Melaka,2017-10-01,overall,119.8
Melaka,2017-11-01,overall,120.7
Melaka,2017-12-01,overall,121
Melaka,2018-01-01,overall,121.3
Melaka,2018-02-01,overall,121.5
Melaka,2018-03-01,overall,121
Melaka,2018-04-01,overall,120.8
Melaka,2018-05-01,overall,120.9
Melaka,2018-06-01,overall,118.9
Melaka,2018-07-01,overall,119.2
Melaka,2018-08-01,overall,119.3
Melaka,2018-09-01,overall,119.6
Melaka,2018-10-01,overall,119.9
Melaka,2018-11-01,overall,120.2
Melaka,2018-12-01,overall,120.4
Melaka,2019-01-01,overall,119.7
Melaka,2019-02-01,overall,119.9
Melaka,2019-03-01,overall,120.2
Melaka,2019-04-01,overall,120
Melaka,2019-05-01,overall,120.3
Melaka,2019-06-01,overall,120.2
Melaka,2019-07-01,overall,120.4
Melaka,2019-08-01,overall,120.6
Melaka,2019-09-01,overall,120.6
Melaka,2019-10-01,overall,120.7
Melaka,2019-11-01,overall,120.8
Melaka,2019-12-01,overall,120.8
Melaka,2020-01-01,overall,120.8
Melaka,2020-02-01,overall,120.6
Melaka,2020-03-01,overall,119.1
Melaka,2020-04-01,overall,115.7
Melaka,2020-05-01,overall,116
Melaka,2020-06-01,overall,117.1
Melaka,2020-07-01,overall,117.8
Melaka,2020-08-01,overall,117.9
Melaka,2020-09-01,overall,117.9
Melaka,2020-10-01,overall,117.9
Melaka,2020-11-01,overall,117.7
Melaka,2020-12-01,overall,118.4
Melaka,2021-01-01,overall,120.1
Melaka,2021-02-01,overall,120.3
Melaka,2021-03-01,overall,120.6
Melaka,2021-04-01,overall,120.8
Melaka,2021-05-01,overall,120.8
Melaka,2021-06-01,overall,120.9
Melaka,2021-07-01,overall,120.2
Melaka,2021-08-01,overall,120.2
Melaka,2021-09-01,overall,120.6
Melaka,2021-10-01,overall,121.6
Melaka,2021-11-01,overall,122
Melaka,2021-12-01,overall,122.2
Melaka,2022-01-01,overall,122.5
Melaka,2022-02-01,overall,122.7
Melaka,2022-03-01,overall,122.9
Melaka,2022-04-01,overall,123
Melaka,2022-05-01,overall,123.3
Melaka,2022-06-01,overall,123.9
Melaka,2022-07-01,overall,124.6
Melaka,2022-08-01,overall,124.8
Melaka,2022-09-01,overall,125.1
Melaka,2022-10-01,overall,125.5
Melaka,2022-11-01,overall,125.8
Melaka,2022-12-01,overall,126.2
Melaka,2023-01-01,overall,126.5
Melaka,2023-02-01,overall,126.7
Melaka,2023-03-01,overall,126.8
Melaka,2023-04-01,overall,127
Melaka,2023-05-01,overall,127.1
Melaka,2023-06-01,overall,127.2
Melaka,2023-07-01,overall,127.3
Melaka,2023-08-01,overall,127.4
Melaka,2023-09-01,overall,127.4
Melaka,2023-10-01,overall,127.5
Melaka,2023-11-01,overall,127.4
Melaka,2023-12-01,overall,127.6
Melaka,2024-01-01,overall,127.8
Melaka,2024-02-01,overall,128.3
Melaka,2024-03-01,overall,128.2
Melaka,2024-04-01,overall,128.4
Melaka,2024-05-01,overall,128.7
Melaka,2024-06-01,overall,128.9
Melaka,2024-07-01,overall,129.1
Melaka,2024-08-01,overall,129.2
Negeri Sembilan,2010-01-01,overall,99.3
Negeri Sembilan,2010-02-01,overall,99.3
Negeri Sembilan,2010-03-01,overall,99.2
Negeri Sembilan,2010-04-01,overall,99.3
Negeri Sembilan,2010-05-01,overall,99.5
Negeri Sembilan,2010-06-01,overall,99.7
Negeri Sembilan,2010-07-01,overall,99.9
Negeri Sembilan,2010-08-01,overall,100.3
Negeri Sembilan,2010-09-01,overall,100.3
Negeri Sembilan,2010-10-01,overall,100.7
Negeri Sembilan,2010-11-01,overall,101
Negeri Sembilan,2010-12-01,overall,101.5
Negeri Sembilan,2011-01-01,overall,102.1
Negeri Sembilan,2011-02-01,overall,102.8
Negeri Sembilan,2011-03-01,overall,102.8
Negeri Sembilan,2011-04-01,overall,103.2
Negeri Sembilan,2011-05-01,overall,103.5
Negeri Sembilan,2011-06-01,overall,103.8
Negeri Sembilan,2011-07-01,overall,104.1
Negeri Sembilan,2011-08-01,overall,104.2
Negeri Sembilan,2011-09-01,overall,104.4
Negeri Sembilan,2011-10-01,overall,104.7
Negeri Sembilan,2011-11-01,overall,104.6
Negeri Sembilan,2011-12-01,overall,104.7
Negeri Sembilan,2012-01-01,overall,104.9
Negeri Sembilan,2012-02-01,overall,104.8
Negeri Sembilan,2012-03-01,overall,104.6
Negeri Sembilan,2012-04-01,overall,104.6
Negeri Sembilan,2012-05-01,overall,104.8
Negeri Sembilan,2012-06-01,overall,105.1
Negeri Sembilan,2012-07-01,overall,105
Negeri Sembilan,2012-08-01,overall,105.1
Negeri Sembilan,2012-09-01,overall,105.3
Negeri Sembilan,2012-10-01,overall,105.5
Negeri Sembilan,2012-11-01,overall,105.5
Negeri Sembilan,2012-12-01,overall,105.6
Negeri Sembilan,2013-01-01,overall,106
Negeri Sembilan,2013-02-01,overall,106.4
Negeri Sembilan,2013-03-01,overall,106.5
Negeri Sembilan,2013-04-01,overall,106.5
Negeri Sembilan,2013-05-01,overall,106.7
Negeri Sembilan,2013-06-01,overall,106.8
Negeri Sembilan,2013-07-01,overall,107
Negeri Sembilan,2013-08-01,overall,107
Negeri Sembilan,2013-09-01,overall,108.2
Negeri Sembilan,2013-10-01,overall,108.5
Negeri Sembilan,2013-11-01,overall,108.8
Negeri Sembilan,2013-12-01,overall,109.2
Negeri Sembilan,2014-01-01,overall,109.5
Negeri Sembilan,2014-02-01,overall,109.5
Negeri Sembilan,2014-03-01,overall,109.6
Negeri Sembilan,2014-04-01,overall,109.7
Negeri Sembilan,2014-05-01,overall,109.8
Negeri Sembilan,2014-06-01,overall,110
Negeri Sembilan,2014-07-01,overall,110.1
Negeri Sembilan,2014-08-01,overall,110.5
Negeri Sembilan,2014-09-01,overall,110.7
Negeri Sembilan,2014-10-01,overall,111.6
Negeri Sembilan,2014-11-01,overall,112.1
Negeri Sembilan,2014-12-01,overall,112.1
Negeri Sembilan,2015-01-01,overall,110.8
Negeri Sembilan,2015-02-01,overall,109.8
Negeri Sembilan,2015-03-01,overall,111.1
Negeri Sembilan,2015-04-01,overall,112.1
Negeri Sembilan,2015-05-01,overall,112.5
Negeri Sembilan,2015-06-01,overall,113.4
Negeri Sembilan,2015-07-01,overall,114.4
Negeri Sembilan,2015-08-01,overall,114.3
Negeri Sembilan,2015-09-01,overall,114.1
Negeri Sembilan,2015-10-01,overall,114.6
Negeri Sembilan,2015-11-01,overall,115.4
Negeri Sembilan,2015-12-01,overall,115.4
Negeri Sembilan,2016-01-01,overall,114.9
Negeri Sembilan,2016-02-01,overall,114.7
Negeri Sembilan,2016-03-01,overall,113.9
Negeri Sembilan,2016-04-01,overall,114.5
Negeri Sembilan,2016-05-01,overall,114.7
Negeri Sembilan,2016-06-01,overall,115
Negeri Sembilan,2016-07-01,overall,115.4
Negeri Sembilan,2016-08-01,overall,115.9
Negeri Sembilan,2016-09-01,overall,115.5
Negeri Sembilan,2016-10-01,overall,116
Negeri Sembilan,2016-11-01,overall,117.2
Negeri Sembilan,2016-12-01,overall,117.2
Negeri Sembilan,2017-01-01,overall,118.7
Negeri Sembilan,2017-02-01,overall,120.6
Negeri Sembilan,2017-03-01,overall,120.4
Negeri Sembilan,2017-04-01,overall,120
Negeri Sembilan,2017-05-01,overall,119.6
Negeri Sembilan,2017-06-01,overall,119.3
Negeri Sembilan,2017-07-01,overall,119.2
Negeri Sembilan,2017-08-01,overall,120.3
Negeri Sembilan,2017-09-01,overall,120.8
Negeri Sembilan,2017-10-01,overall,120.6
Negeri Sembilan,2017-11-01,overall,121.5
Negeri Sembilan,2017-12-01,overall,121.7
Negeri Sembilan,2018-01-01,overall,122
Negeri Sembilan,2018-02-01,overall,122.2
Negeri Sembilan,2018-03-01,overall,121.7
Negeri Sembilan,2018-04-01,overall,121.6
Negeri Sembilan,2018-05-01,overall,121.7
Negeri Sembilan,2018-06-01,overall,120.6
Negeri Sembilan,2018-07-01,overall,120.8
Negeri Sembilan,2018-08-01,overall,121
Negeri Sembilan,2018-09-01,overall,121.7
Negeri Sembilan,2018-10-01,overall,121.9
Negeri Sembilan,2018-11-01,overall,122.2
Negeri Sembilan,2018-12-01,overall,122.2
Negeri Sembilan,2019-01-01,overall,121.5
Negeri Sembilan,2019-02-01,overall,121.9
Negeri Sembilan,2019-03-01,overall,122.1
Negeri Sembilan,2019-04-01,overall,122.2
Negeri Sembilan,2019-05-01,overall,122.4
Negeri Sembilan,2019-06-01,overall,122.3
Negeri Sembilan,2019-07-01,overall,122.5
Negeri Sembilan,2019-08-01,overall,122.8
Negeri Sembilan,2019-09-01,overall,122.8
Negeri Sembilan,2019-10-01,overall,123
Negeri Sembilan,2019-11-01,overall,123.1
Negeri Sembilan,2019-12-01,overall,123.2
Negeri Sembilan,2020-01-01,overall,123.4
Negeri Sembilan,2020-02-01,overall,123.3
Negeri Sembilan,2020-03-01,overall,121.4
Negeri Sembilan,2020-04-01,overall,117.7
Negeri Sembilan,2020-05-01,overall,118
Negeri Sembilan,2020-06-01,overall,119.4
Negeri Sembilan,2020-07-01,overall,120.3
Negeri Sembilan,2020-08-01,overall,120.5
Negeri Sembilan,2020-09-01,overall,120.5
Negeri Sembilan,2020-10-01,overall,120.5
Negeri Sembilan,2020-11-01,overall,120.1
Negeri Sembilan,2020-12-01,overall,120.9
Negeri Sembilan,2021-01-01,overall,122.8
Negeri Sembilan,2021-02-01,overall,123.2
Negeri Sembilan,2021-03-01,overall,123.6
Negeri Sembilan,2021-04-01,overall,123.6
Negeri Sembilan,2021-05-01,overall,123.6
Negeri Sembilan,2021-06-01,overall,123.6
Negeri Sembilan,2021-07-01,overall,122.8
Negeri Sembilan,2021-08-01,overall,122.9
Negeri Sembilan,2021-09-01,overall,123.2
Negeri Sembilan,2021-10-01,overall,124.3
Negeri Sembilan,2021-11-01,overall,124.6
Negeri Sembilan,2021-12-01,overall,124.9
Negeri Sembilan,2022-01-01,overall,125
Negeri Sembilan,2022-02-01,overall,125.4
Negeri Sembilan,2022-03-01,overall,125.6
Negeri Sembilan,2022-04-01,overall,125.8
Negeri Sembilan,2022-05-01,overall,126.4
Negeri Sembilan,2022-06-01,overall,127.2
Negeri Sembilan,2022-07-01,overall,127.5
Negeri Sembilan,2022-08-01,overall,127.7
Negeri Sembilan,2022-09-01,overall,127.9
Negeri Sembilan,2022-10-01,overall,128.1
Negeri Sembilan,2022-11-01,overall,128.5
Negeri Sembilan,2022-12-01,overall,128.7
Negeri Sembilan,2023-01-01,overall,128.9
Negeri Sembilan,2023-02-01,overall,129.2
Negeri Sembilan,2023-03-01,overall,129.2
Negeri Sembilan,2023-04-01,overall,129.2
Negeri Sembilan,2023-05-01,overall,129.3
Negeri Sembilan,2023-06-01,overall,129.5
Negeri Sembilan,2023-07-01,overall,129.5
Negeri Sembilan,2023-08-01,overall,129.7
Negeri Sembilan,2023-09-01,overall,129.6
Negeri Sembilan,2023-10-01,overall,129.8
Negeri Sembilan,2023-11-01,overall,129.7
Negeri Sembilan,2023-12-01,overall,130
Negeri Sembilan,2024-01-01,overall,130.1
Negeri Sembilan,2024-02-01,overall,130.5
Negeri Sembilan,2024-03-01,overall,130.4
Negeri Sembilan,2024-04-01,overall,130.5
Negeri Sembilan,2024-05-01,overall,130.8
Negeri Sembilan,2024-06-01,overall,131.1
Negeri Sembilan,2024-07-01,overall,131.2
Negeri Sembilan,2024-08-01,overall,131.6
Pahang,2010-01-01,overall,99.4
Pahang,2010-02-01,overall,99.3
Pahang,2010-03-01,overall,99.3
Pahang,2010-04-01,overall,99.4
Pahang,2010-05-01,overall,99.8
Pahang,2010-06-01,overall,99.9
Pahang,2010-07-01,overall,100.1
Pahang,2010-08-01,overall,100.3
Pahang,2010-09-01,overall,100.2
Pahang,2010-10-01,overall,100.4
Pahang,2010-11-01,overall,100.6
Pahang,2010-12-01,overall,101.2
Pahang,2011-01-01,overall,101.6
Pahang,2011-02-01,overall,102
Pahang,2011-03-01,overall,102.1
Pahang,2011-04-01,overall,102.5
Pahang,2011-05-01,overall,102.8
Pahang,2011-06-01,overall,103.1
Pahang,2011-07-01,overall,103.3
Pahang,2011-08-01,overall,103.4
Pahang,2011-09-01,overall,103.6
Pahang,2011-10-01,overall,104
Pahang,2011-11-01,overall,104
Pahang,2011-12-01,overall,104.2
Pahang,2012-01-01,overall,104.4
Pahang,2012-02-01,overall,104.4
Pahang,2012-03-01,overall,104.4
Pahang,2012-04-01,overall,104.4
Pahang,2012-05-01,overall,104.8
Pahang,2012-06-01,overall,104.9
Pahang,2012-07-01,overall,105
Pahang,2012-08-01,overall,105
Pahang,2012-09-01,overall,105.3
Pahang,2012-10-01,overall,105.4
Pahang,2012-11-01,overall,105.8
Pahang,2012-12-01,overall,105.8
Pahang,2013-01-01,overall,106.4
Pahang,2013-02-01,overall,106.4
Pahang,2013-03-01,overall,106.7
Pahang,2013-04-01,overall,106.6
Pahang,2013-05-01,overall,106.9
Pahang,2013-06-01,overall,106.8
Pahang,2013-07-01,overall,107
Pahang,2013-08-01,overall,107
Pahang,2013-09-01,overall,108.2
Pahang,2013-10-01,overall,108.6
Pahang,2013-11-01,overall,108.9
Pahang,2013-12-01,overall,109.5
Pahang,2014-01-01,overall,109.9
Pahang,2014-02-01,overall,110.1
Pahang,2014-03-01,overall,110.2
Pahang,2014-04-01,overall,110.3
Pahang,2014-05-01,overall,110.4
Pahang,2014-06-01,overall,110.4
Pahang,2014-07-01,overall,110.3
Pahang,2014-08-01,overall,110.5
Pahang,2014-09-01,overall,110.5
Pahang,2014-10-01,overall,111.2
Pahang,2014-11-01,overall,111.6
Pahang,2014-12-01,overall,111.6
Pahang,2015-01-01,overall,110.7
Pahang,2015-02-01,overall,109.6
Pahang,2015-03-01,overall,110.6
Pahang,2015-04-01,overall,111.6
Pahang,2015-05-01,overall,111.9
Pahang,2015-06-01,overall,112.6
Pahang,2015-07-01,overall,113.2
Pahang,2015-08-01,overall,113.2
Pahang,2015-09-01,overall,113
Pahang,2015-10-01,overall,113.6
Pahang,2015-11-01,overall,114.2
Pahang,2015-12-01,overall,114.4
Pahang,2016-01-01,overall,114
Pahang,2016-02-01,overall,113.9
Pahang,2016-03-01,overall,113.3
Pahang,2016-04-01,overall,113.7
Pahang,2016-05-01,overall,113.9
Pahang,2016-06-01,overall,114.1
Pahang,2016-07-01,overall,114.5
Pahang,2016-08-01,overall,114.8
Pahang,2016-09-01,overall,114.5
Pahang,2016-10-01,overall,114.7
Pahang,2016-11-01,overall,115.9
Pahang,2016-12-01,overall,115.8
Pahang,2017-01-01,overall,116.8
Pahang,2017-02-01,overall,118.3
Pahang,2017-03-01,overall,118.1
Pahang,2017-04-01,overall,117.8
Pahang,2017-05-01,overall,117.5
Pahang,2017-06-01,overall,117.2
Pahang,2017-07-01,overall,117.2
Pahang,2017-08-01,overall,118.1
Pahang,2017-09-01,overall,118.3
Pahang,2017-10-01,overall,118.3
Pahang,2017-11-01,overall,118.9
Pahang,2017-12-01,overall,119.2
Pahang,2018-01-01,overall,119.5
Pahang,2018-02-01,overall,119.3
Pahang,2018-03-01,overall,118.9
Pahang,2018-04-01,overall,118.8
Pahang,2018-05-01,overall,119
Pahang,2018-06-01,overall,117.8
Pahang,2018-07-01,overall,118
Pahang,2018-08-01,overall,118.1
Pahang,2018-09-01,overall,118.3
Pahang,2018-10-01,overall,118.7
Pahang,2018-11-01,overall,118.8
Pahang,2018-12-01,overall,119.1
Pahang,2019-01-01,overall,118.2
Pahang,2019-02-01,overall,118.4
Pahang,2019-03-01,overall,118.7
Pahang,2019-04-01,overall,118.6
Pahang,2019-05-01,overall,118.9
Pahang,2019-06-01,overall,118.8
Pahang,2019-07-01,overall,119
Pahang,2019-08-01,overall,119.1
Pahang,2019-09-01,overall,119.1
Pahang,2019-10-01,overall,119.6
Pahang,2019-11-01,overall,119.7
Pahang,2019-12-01,overall,119.9
Pahang,2020-01-01,overall,120
Pahang,2020-02-01,overall,120.2
Pahang,2020-03-01,overall,118.6
Pahang,2020-04-01,overall,114.9
Pahang,2020-05-01,overall,115.2
Pahang,2020-06-01,overall,116.8
Pahang,2020-07-01,overall,117.5
Pahang,2020-08-01,overall,117.5
Pahang,2020-09-01,overall,117.5
Pahang,2020-10-01,overall,117.5
Pahang,2020-11-01,overall,117.2
Pahang,2020-12-01,overall,118.3
Pahang,2021-01-01,overall,120.1
Pahang,2021-02-01,overall,120.4
Pahang,2021-03-01,overall,120.9
Pahang,2021-04-01,overall,121.3
Pahang,2021-05-01,overall,121.1
Pahang,2021-06-01,overall,121.3
Pahang,2021-07-01,overall,120.4
Pahang,2021-08-01,overall,120.3
Pahang,2021-09-01,overall,120.8
Pahang,2021-10-01,overall,121.8
Pahang,2021-11-01,overall,122
Pahang,2021-12-01,overall,122.5
Pahang,2022-01-01,overall,122.6
Pahang,2022-02-01,overall,122.7
Pahang,2022-03-01,overall,123.1
Pahang,2022-04-01,overall,123.3
Pahang,2022-05-01,overall,123.9
Pahang,2022-06-01,overall,124.5
Pahang,2022-07-01,overall,125.1
Pahang,2022-08-01,overall,125.4
Pahang,2022-09-01,overall,125.8
Pahang,2022-10-01,overall,126.2
Pahang,2022-11-01,overall,126.7
Pahang,2022-12-01,overall,126.9
Pahang,2023-01-01,overall,127.2
Pahang,2023-02-01,overall,127.6
Pahang,2023-03-01,overall,127.7
Pahang,2023-04-01,overall,127.6
Pahang,2023-05-01,overall,127.8
Pahang,2023-06-01,overall,128.1
Pahang,2023-07-01,overall,128.3
Pahang,2023-08-01,overall,128.2
Pahang,2023-09-01,overall,128.3
Pahang,2023-10-01,overall,128.3
Pahang,2023-11-01,overall,128.4
Pahang,2023-12-01,overall,128.7
Pahang,2024-01-01,overall,129.4
Pahang,2024-02-01,overall,130.6
Pahang,2024-03-01,overall,130.4
Pahang,2024-04-01,overall,130.6
Pahang,2024-05-01,overall,131.1
Pahang,2024-06-01,overall,131.5
Pahang,2024-07-01,overall,131.6
Pahang,2024-08-01,overall,131.8
Perak,2010-01-01,overall,99.4
Perak,2010-02-01,overall,99.4
Perak,2010-03-01,overall,99.4
Perak,2010-04-01,overall,99.4
Perak,2010-05-01,overall,99.6
Perak,2010-06-01,overall,99.7
Perak,2010-07-01,overall,100
Perak,2010-08-01,overall,100.3
Perak,2010-09-01,overall,100.3
Perak,2010-10-01,overall,100.5
Perak,2010-11-01,overall,100.8
Perak,2010-12-01,overall,101.2
Perak,2011-01-01,overall,101.8
Perak,2011-02-01,overall,102.2
Perak,2011-03-01,overall,102.3
Perak,2011-04-01,overall,102.5
Perak,2011-05-01,overall,102.8
Perak,2011-06-01,overall,103
Perak,2011-07-01,overall,103.2
Perak,2011-08-01,overall,103.3
Perak,2011-09-01,overall,103.5
Perak,2011-10-01,overall,103.8
Perak,2011-11-01,overall,103.8
Perak,2011-12-01,overall,103.9
Perak,2012-01-01,overall,104.2
Perak,2012-02-01,overall,104
Perak,2012-03-01,overall,104
Perak,2012-04-01,overall,103.8
Perak,2012-05-01,overall,104
Perak,2012-06-01,overall,104.2
Perak,2012-07-01,overall,104.1
Perak,2012-08-01,overall,104.1
Perak,2012-09-01,overall,104.5
Perak,2012-10-01,overall,104.7
Perak,2012-11-01,overall,104.8
Perak,2012-12-01,overall,104.7
Perak,2013-01-01,overall,105.1
Perak,2013-02-01,overall,105.4
Perak,2013-03-01,overall,105.4
Perak,2013-04-01,overall,105.4
Perak,2013-05-01,overall,105.6
Perak,2013-06-01,overall,105.7
Perak,2013-07-01,overall,105.9
Perak,2013-08-01,overall,106
Perak,2013-09-01,overall,107.1
Perak,2013-10-01,overall,107.5
Perak,2013-11-01,overall,107.7
Perak,2013-12-01,overall,108
Perak,2014-01-01,overall,108.4
Perak,2014-02-01,overall,108.5
Perak,2014-03-01,overall,108.6
Perak,2014-04-01,overall,108.5
Perak,2014-05-01,overall,108.6
Perak,2014-06-01,overall,108.8
Perak,2014-07-01,overall,108.9
Perak,2014-08-01,overall,109
Perak,2014-09-01,overall,109.1
Perak,2014-10-01,overall,109.9
Perak,2014-11-01,overall,110.2
Perak,2014-12-01,overall,110.1
Perak,2015-01-01,overall,108.9
Perak,2015-02-01,overall,108
Perak,2015-03-01,overall,109.1
Perak,2015-04-01,overall,110.1
Perak,2015-05-01,overall,110.5
Perak,2015-06-01,overall,111.2
Perak,2015-07-01,overall,111.9
Perak,2015-08-01,overall,111.7
Perak,2015-09-01,overall,111.5
Perak,2015-10-01,overall,112.1
Perak,2015-11-01,overall,112.5
Perak,2015-12-01,overall,112.4
Perak,2016-01-01,overall,112.1
Perak,2016-02-01,overall,111.9
Perak,2016-03-01,overall,111.2
Perak,2016-04-01,overall,111.7
Perak,2016-05-01,overall,111.9
Perak,2016-06-01,overall,112
Perak,2016-07-01,overall,112.3
Perak,2016-08-01,overall,112.6
Perak,2016-09-01,overall,112.3
Perak,2016-10-01,overall,112.7
Perak,2016-11-01,overall,113.7
Perak,2016-12-01,overall,113.7
Perak,2017-01-01,overall,114.9
Perak,2017-02-01,overall,116.3
Perak,2017-03-01,overall,116.1
Perak,2017-04-01,overall,115.7
Perak,2017-05-01,overall,115.4
Perak,2017-06-01,overall,115.1
Perak,2017-07-01,overall,115.2
Perak,2017-08-01,overall,116.1
Perak,2017-09-01,overall,116.5
Perak,2017-10-01,overall,116.4
Perak,2017-11-01,overall,117.1
Perak,2017-12-01,overall,117.3
Perak,2018-01-01,overall,117.6
Perak,2018-02-01,overall,117.6
Perak,2018-03-01,overall,117.1
Perak,2018-04-01,overall,117
Perak,2018-05-01,overall,117.3
Perak,2018-06-01,overall,115.7
Perak,2018-07-01,overall,116
Perak,2018-08-01,overall,116
Perak,2018-09-01,overall,116.4
Perak,2018-10-01,overall,116.8
Perak,2018-11-01,overall,116.9
Perak,2018-12-01,overall,117.1
Perak,2019-01-01,overall,116.7
Perak,2019-02-01,overall,116.9
Perak,2019-03-01,overall,117.2
Perak,2019-04-01,overall,117.2
Perak,2019-05-01,overall,117.3
Perak,2019-06-01,overall,117.4
Perak,2019-07-01,overall,117.6
Perak,2019-08-01,overall,117.8
Perak,2019-09-01,overall,117.8
Perak,2019-10-01,overall,117.9
Perak,2019-11-01,overall,118
Perak,2019-12-01,overall,118.1
Perak,2020-01-01,overall,118.3
Perak,2020-02-01,overall,118.4
Perak,2020-03-01,overall,116.9
Perak,2020-04-01,overall,113.7
Perak,2020-05-01,overall,113.9
Perak,2020-06-01,overall,115.1
Perak,2020-07-01,overall,115.8
Perak,2020-08-01,overall,116
Perak,2020-09-01,overall,115.9
Perak,2020-10-01,overall,115.9
Perak,2020-11-01,overall,115.6
Perak,2020-12-01,overall,116.4
Perak,2021-01-01,overall,118.2
Perak,2021-02-01,overall,118.6
Perak,2021-03-01,overall,118.9
Perak,2021-04-01,overall,119
Perak,2021-05-01,overall,119
Perak,2021-06-01,overall,119.2
Perak,2021-07-01,overall,118.4
Perak,2021-08-01,overall,118.4
Perak,2021-09-01,overall,118.8
Perak,2021-10-01,overall,119.8
Perak,2021-11-01,overall,120.2
Perak,2021-12-01,overall,120.7
Perak,2022-01-01,overall,121.1
Perak,2022-02-01,overall,121.2
Perak,2022-03-01,overall,121.5
Perak,2022-04-01,overall,121.8
Perak,2022-05-01,overall,122.3
Perak,2022-06-01,overall,123
Perak,2022-07-01,overall,123.5
Perak,2022-08-01,overall,123.8
Perak,2022-09-01,overall,123.9
Perak,2022-10-01,overall,124.1
Perak,2022-11-01,overall,124.5
Perak,2022-12-01,overall,124.7
Perak,2023-01-01,overall,125.4
Perak,2023-02-01,overall,125.8
Perak,2023-03-01,overall,125.9
Perak,2023-04-01,overall,126
Perak,2023-05-01,overall,126.2
Perak,2023-06-01,overall,126.3
Perak,2023-07-01,overall,126.5
Perak,2023-08-01,overall,126.7
Perak,2023-09-01,overall,126.8
Perak,2023-10-01,overall,126.8
Perak,2023-11-01,overall,126.9
Perak,2023-12-01,overall,127.1
Perak,2024-01-01,overall,127
Perak,2024-02-01,overall,127.3
Perak,2024-03-01,overall,127.2
Perak,2024-04-01,overall,127.3
Perak,2024-05-01,overall,127.7
Perak,2024-06-01,overall,127.9
Perak,2024-07-01,overall,127.8
Perak,2024-08-01,overall,127.9
Perlis,2010-01-01,overall,99
Perlis,2010-02-01,overall,98.9
Perlis,2010-03-01,overall,98.9
Perlis,2010-04-01,overall,98.8
Perlis,2010-05-01,overall,99.4
Perlis,2010-06-01,overall,99.5
Perlis,2010-07-01,overall,99.9
Perlis,2010-08-01,overall,100.7
Perlis,2010-09-01,overall,100.7
Perlis,2010-10-01,overall,100.9
Perlis,2010-11-01,overall,101.3
Perlis,2010-12-01,overall,102
Perlis,2011-01-01,overall,102.5
Perlis,2011-02-01,overall,102.5
Perlis,2011-03-01,overall,103.3
Perlis,2011-04-01,overall,103.6
Perlis,2011-05-01,overall,102.2
Perlis,2011-06-01,overall,102.3
Perlis,2011-07-01,overall,102.5
Perlis,2011-08-01,overall,102.6
Perlis,2011-09-01,overall,102.9
Perlis,2011-10-01,overall,103.3
Perlis,2011-11-01,overall,103.1
Perlis,2011-12-01,overall,103
Perlis,2012-01-01,overall,103
Perlis,2012-02-01,overall,104
Perlis,2012-03-01,overall,103.9
Perlis,2012-04-01,overall,103.9
Perlis,2012-05-01,overall,104
Perlis,2012-06-01,overall,104.2
Perlis,2012-07-01,overall,104.2
Perlis,2012-08-01,overall,104.3
Perlis,2012-09-01,overall,104.5
Perlis,2012-10-01,overall,104.6
Perlis,2012-11-01,overall,104.6
Perlis,2012-12-01,overall,104.7
Perlis,2013-01-01,overall,104.9
Perlis,2013-02-01,overall,104.8
Perlis,2013-03-01,overall,104.9
Perlis,2013-04-01,overall,105
Perlis,2013-05-01,overall,105
Perlis,2013-06-01,overall,104.9
Perlis,2013-07-01,overall,105.1
Perlis,2013-08-01,overall,105.8
Perlis,2013-09-01,overall,106.8
Perlis,2013-10-01,overall,107.8
Perlis,2013-11-01,overall,107.6
Perlis,2013-12-01,overall,107.9
Perlis,2014-01-01,overall,108.3
Perlis,2014-02-01,overall,107.8
Perlis,2014-03-01,overall,108.1
Perlis,2014-04-01,overall,107.9
Perlis,2014-05-01,overall,107.8
Perlis,2014-06-01,overall,108
Perlis,2014-07-01,overall,108.1
Perlis,2014-08-01,overall,108.1
Perlis,2014-09-01,overall,108.1
Perlis,2014-10-01,overall,108.8
Perlis,2014-11-01,overall,109.3
Perlis,2014-12-01,overall,109.1
Perlis,2015-01-01,overall,107.2
Perlis,2015-02-01,overall,106.4
Perlis,2015-03-01,overall,107.7
Perlis,2015-04-01,overall,108.7
Perlis,2015-05-01,overall,108.8
Perlis,2015-06-01,overall,109.7
Perlis,2015-07-01,overall,110.8
Perlis,2015-08-01,overall,110.1
Perlis,2015-09-01,overall,109.9
Perlis,2015-10-01,overall,110.4
Perlis,2015-11-01,overall,111.1
Perlis,2015-12-01,overall,110.6
Perlis,2016-01-01,overall,110.4
Perlis,2016-02-01,overall,110.4
Perlis,2016-03-01,overall,109.6
Perlis,2016-04-01,overall,109.8
Perlis,2016-05-01,overall,110.1
Perlis,2016-06-01,overall,110.7
Perlis,2016-07-01,overall,111.3
Perlis,2016-08-01,overall,111.2
Perlis,2016-09-01,overall,110.8
Perlis,2016-10-01,overall,111.1
Perlis,2016-11-01,overall,112.2
Perlis,2016-12-01,overall,112.8
Perlis,2017-01-01,overall,114.6
Perlis,2017-02-01,overall,116
Perlis,2017-03-01,overall,115.5
Perlis,2017-04-01,overall,115.1
Perlis,2017-05-01,overall,114.8
Perlis,2017-06-01,overall,114.5
Perlis,2017-07-01,overall,114.1
Perlis,2017-08-01,overall,115.3
Perlis,2017-09-01,overall,115.9
Perlis,2017-10-01,overall,115.2
Perlis,2017-11-01,overall,115.9
Perlis,2017-12-01,overall,116.1
Perlis,2018-01-01,overall,116.1
Perlis,2018-02-01,overall,116
Perlis,2018-03-01,overall,115.3
Perlis,2018-04-01,overall,115.3
Perlis,2018-05-01,overall,115.3
Perlis,2018-06-01,overall,114.2
Perlis,2018-07-01,overall,114.3
Perlis,2018-08-01,overall,114.5
Perlis,2018-09-01,overall,115.1
Perlis,2018-10-01,overall,115.2
Perlis,2018-11-01,overall,115.3
Perlis,2018-12-01,overall,115.6
Perlis,2019-01-01,overall,115
Perlis,2019-02-01,overall,115.2
Perlis,2019-03-01,overall,115.5
Perlis,2019-04-01,overall,115.3
Perlis,2019-05-01,overall,115.5
Perlis,2019-06-01,overall,115.5
Perlis,2019-07-01,overall,115.6
Perlis,2019-08-01,overall,115.9
Perlis,2019-09-01,overall,115.8
Perlis,2019-10-01,overall,115.9
Perlis,2019-11-01,overall,115.9
Perlis,2019-12-01,overall,116.3
Perlis,2020-01-01,overall,116.3
Perlis,2020-02-01,overall,116.1
Perlis,2020-03-01,overall,114.1
Perlis,2020-04-01,overall,110.3
Perlis,2020-05-01,overall,110.6
Perlis,2020-06-01,overall,112.4
Perlis,2020-07-01,overall,113
Perlis,2020-08-01,overall,113.1
Perlis,2020-09-01,overall,112.9
Perlis,2020-10-01,overall,112.9
Perlis,2020-11-01,overall,112.5
Perlis,2020-12-01,overall,113.6
Perlis,2021-01-01,overall,115.5
Perlis,2021-02-01,overall,115.9
Perlis,2021-03-01,overall,116.2
Perlis,2021-04-01,overall,116.2
Perlis,2021-05-01,overall,116.3
Perlis,2021-06-01,overall,116.4
Perlis,2021-07-01,overall,115.8
Perlis,2021-08-01,overall,115.8
Perlis,2021-09-01,overall,116.3
Perlis,2021-10-01,overall,117.2
Perlis,2021-11-01,overall,117.6
Perlis,2021-12-01,overall,118.3
Perlis,2022-01-01,overall,118.5
Perlis,2022-02-01,overall,119
Perlis,2022-03-01,overall,119.2
Perlis,2022-04-01,overall,119.4
Perlis,2022-05-01,overall,119.7
Perlis,2022-06-01,overall,120.3
Perlis,2022-07-01,overall,120.4
Perlis,2022-08-01,overall,120.4
Perlis,2022-09-01,overall,120.6
Perlis,2022-10-01,overall,121.4
Perlis,2022-11-01,overall,121.5
Perlis,2022-12-01,overall,121.6
Perlis,2023-01-01,overall,121.9
Perlis,2023-02-01,overall,122.1
Perlis,2023-03-01,overall,122.2
Perlis,2023-04-01,overall,122.3
Perlis,2023-05-01,overall,122.4
Perlis,2023-06-01,overall,122.6
Perlis,2023-07-01,overall,122.8
Perlis,2023-08-01,overall,123.3
Perlis,2023-09-01,overall,123.3
Perlis,2023-10-01,overall,123.4
Perlis,2023-11-01,overall,123.2
Perlis,2023-12-01,overall,123.5
Perlis,2024-01-01,overall,123.9
Perlis,2024-02-01,overall,124.5
Perlis,2024-03-01,overall,124.5
Perlis,2024-04-01,overall,124.5
Perlis,2024-05-01,overall,124.9
Perlis,2024-06-01,overall,125.1
Perlis,2024-07-01,overall,125.2
Perlis,2024-08-01,overall,125.2
Pulau Pinang,2010-01-01,overall,99.4
Pulau Pinang,2010-02-01,overall,99.5
Pulau Pinang,2010-03-01,overall,99.3
Pulau Pinang,2010-04-01,overall,99.4
Pulau Pinang,2010-05-01,overall,99.5
Pulau Pinang,2010-06-01,overall,99.6
Pulau Pinang,2010-07-01,overall,100
Pulau Pinang,2010-08-01,overall,100.3
Pulau Pinang,2010-09-01,overall,100.4
Pulau Pinang,2010-10-01,overall,100.6
Pulau Pinang,2010-11-01,overall,100.8
Pulau Pinang,2010-12-01,overall,101.2
Pulau Pinang,2011-01-01,overall,101.9
Pulau Pinang,2011-02-01,overall,102.3
Pulau Pinang,2011-03-01,overall,102.4
Pulau Pinang,2011-04-01,overall,102.6
Pulau Pinang,2011-05-01,overall,102.8
Pulau Pinang,2011-06-01,overall,103.2
Pulau Pinang,2011-07-01,overall,103.5
Pulau Pinang,2011-08-01,overall,103.8
Pulau Pinang,2011-09-01,overall,103.9
Pulau Pinang,2011-10-01,overall,104.2
Pulau Pinang,2011-11-01,overall,104.3
Pulau Pinang,2011-12-01,overall,104.5
Pulau Pinang,2012-01-01,overall,104.8
Pulau Pinang,2012-02-01,overall,104.7
Pulau Pinang,2012-03-01,overall,104.8
Pulau Pinang,2012-04-01,overall,104.7
Pulau Pinang,2012-05-01,overall,104.9
Pulau Pinang,2012-06-01,overall,105.2
Pulau Pinang,2012-07-01,overall,105.1
Pulau Pinang,2012-08-01,overall,105.1
Pulau Pinang,2012-09-01,overall,105.4
Pulau Pinang,2012-10-01,overall,105.6
Pulau Pinang,2012-11-01,overall,105.5
Pulau Pinang,2012-12-01,overall,105.5
Pulau Pinang,2013-01-01,overall,106.1
Pulau Pinang,2013-02-01,overall,106.3
Pulau Pinang,2013-03-01,overall,106.4
Pulau Pinang,2013-04-01,overall,106.4
Pulau Pinang,2013-05-01,overall,106.9
Pulau Pinang,2013-06-01,overall,107
Pulau Pinang,2013-07-01,overall,107.1
Pulau Pinang,2013-08-01,overall,107.1
Pulau Pinang,2013-09-01,overall,108
Pulau Pinang,2013-10-01,overall,108.4
Pulau Pinang,2013-11-01,overall,108.6
Pulau Pinang,2013-12-01,overall,109
Pulau Pinang,2014-01-01,overall,109.5
Pulau Pinang,2014-02-01,overall,110
Pulau Pinang,2014-03-01,overall,110
Pulau Pinang,2014-04-01,overall,110.2
Pulau Pinang,2014-05-01,overall,110.5
Pulau Pinang,2014-06-01,overall,110.5
Pulau Pinang,2014-07-01,overall,110.7
Pulau Pinang,2014-08-01,overall,110.8
Pulau Pinang,2014-09-01,overall,110.9
Pulau Pinang,2014-10-01,overall,111.6
Pulau Pinang,2014-11-01,overall,112.1
Pulau Pinang,2014-12-01,overall,112
Pulau Pinang,2015-01-01,overall,111.1
Pulau Pinang,2015-02-01,overall,110.4
Pulau Pinang,2015-03-01,overall,111.3
Pulau Pinang,2015-04-01,overall,112.6
Pulau Pinang,2015-05-01,overall,112.9
Pulau Pinang,2015-06-01,overall,113.5
Pulau Pinang,2015-07-01,overall,114.4
Pulau Pinang,2015-08-01,overall,114.5
Pulau Pinang,2015-09-01,overall,114.3
Pulau Pinang,2015-10-01,overall,114.9
Pulau Pinang,2015-11-01,overall,115.6
Pulau Pinang,2015-12-01,overall,115.5
Pulau Pinang,2016-01-01,overall,115.5
Pulau Pinang,2016-02-01,overall,115.6
Pulau Pinang,2016-03-01,overall,115.1
Pulau Pinang,2016-04-01,overall,115.5
Pulau Pinang,2016-05-01,overall,115.6
Pulau Pinang,2016-06-01,overall,115.8
Pulau Pinang,2016-07-01,overall,116.1
Pulau Pinang,2016-08-01,overall,116.5
Pulau Pinang,2016-09-01,overall,116.2
Pulau Pinang,2016-10-01,overall,116.7
Pulau Pinang,2016-11-01,overall,118
Pulau Pinang,2016-12-01,overall,118
Pulau Pinang,2017-01-01,overall,119.4
Pulau Pinang,2017-02-01,overall,120.8
Pulau Pinang,2017-03-01,overall,120.7
Pulau Pinang,2017-04-01,overall,120.5
Pulau Pinang,2017-05-01,overall,120.6
Pulau Pinang,2017-06-01,overall,120.3
Pulau Pinang,2017-07-01,overall,120.4
Pulau Pinang,2017-08-01,overall,121.1
Pulau Pinang,2017-09-01,overall,121.5
Pulau Pinang,2017-10-01,overall,121.4
Pulau Pinang,2017-11-01,overall,122
Pulau Pinang,2017-12-01,overall,122.1
Pulau Pinang,2018-01-01,overall,122.5
Pulau Pinang,2018-02-01,overall,122.5
Pulau Pinang,2018-03-01,overall,122.3
Pulau Pinang,2018-04-01,overall,122.3
Pulau Pinang,2018-05-01,overall,122.3
Pulau Pinang,2018-06-01,overall,120.5
Pulau Pinang,2018-07-01,overall,120.9
Pulau Pinang,2018-08-01,overall,121.3
Pulau Pinang,2018-09-01,overall,121.9
Pulau Pinang,2018-10-01,overall,122.2
Pulau Pinang,2018-11-01,overall,122.7
Pulau Pinang,2018-12-01,overall,122.8
Pulau Pinang,2019-01-01,overall,122.3
Pulau Pinang,2019-02-01,overall,122.7
Pulau Pinang,2019-03-01,overall,123
Pulau Pinang,2019-04-01,overall,123.1
Pulau Pinang,2019-05-01,overall,123.2
Pulau Pinang,2019-06-01,overall,123.1
Pulau Pinang,2019-07-01,overall,123.4
Pulau Pinang,2019-08-01,overall,123.7
Pulau Pinang,2019-09-01,overall,123.7
Pulau Pinang,2019-10-01,overall,123.8
Pulau Pinang,2019-11-01,overall,124
Pulau Pinang,2019-12-01,overall,124
Pulau Pinang,2020-01-01,overall,124.2
Pulau Pinang,2020-02-01,overall,124.3
Pulau Pinang,2020-03-01,overall,123.1
Pulau Pinang,2020-04-01,overall,120.2
Pulau Pinang,2020-05-01,overall,120.4
Pulau Pinang,2020-06-01,overall,121.4
Pulau Pinang,2020-07-01,overall,122
Pulau Pinang,2020-08-01,overall,122.3
Pulau Pinang,2020-09-01,overall,122.2
Pulau Pinang,2020-10-01,overall,122.3
Pulau Pinang,2020-11-01,overall,122.1
Pulau Pinang,2020-12-01,overall,122.6
Pulau Pinang,2021-01-01,overall,124.2
Pulau Pinang,2021-02-01,overall,124.6
Pulau Pinang,2021-03-01,overall,124.9
Pulau Pinang,2021-04-01,overall,124.9
Pulau Pinang,2021-05-01,overall,124.9
Pulau Pinang,2021-06-01,overall,124.9
Pulau Pinang,2021-07-01,overall,124.2
Pulau Pinang,2021-08-01,overall,124.2
Pulau Pinang,2021-09-01,overall,124.4
Pulau Pinang,2021-10-01,overall,125.3
Pulau Pinang,2021-11-01,overall,125.8
Pulau Pinang,2021-12-01,overall,126.4
Pulau Pinang,2022-01-01,overall,126.7
Pulau Pinang,2022-02-01,overall,127.1
Pulau Pinang,2022-03-01,overall,127.6
Pulau Pinang,2022-04-01,overall,127.8
Pulau Pinang,2022-05-01,overall,128.4
Pulau Pinang,2022-06-01,overall,129.2
Pulau Pinang,2022-07-01,overall,129.6
Pulau Pinang,2022-08-01,overall,129.7
Pulau Pinang,2022-09-01,overall,129.8
Pulau Pinang,2022-10-01,overall,130
Pulau Pinang,2022-11-01,overall,130.3
Pulau Pinang,2022-12-01,overall,130.6
Pulau Pinang,2023-01-01,overall,130.9
Pulau Pinang,2023-02-01,overall,131.3
Pulau Pinang,2023-03-01,overall,131.2
Pulau Pinang,2023-04-01,overall,131.2
Pulau Pinang,2023-05-01,overall,131.6
Pulau Pinang,2023-06-01,overall,131.7
Pulau Pinang,2023-07-01,overall,131.8
Pulau Pinang,2023-08-01,overall,132
Pulau Pinang,2023-09-01,overall,132.2
Pulau Pinang,2023-10-01,overall,132.4
Pulau Pinang,2023-11-01,overall,132.6
Pulau Pinang,2023-12-01,overall,132.9
Pulau Pinang,2024-01-01,overall,133.2
Pulau Pinang,2024-02-01,overall,134.9
Pulau Pinang,2024-03-01,overall,135.1
Pulau Pinang,2024-04-01,overall,135.4
Pulau Pinang,2024-05-01,overall,135.9
Pulau Pinang,2024-06-01,overall,136.1
Pulau Pinang,2024-07-01,overall,136.3
Pulau Pinang,2024-08-01,overall,136.4
Sabah,2010-01-01,overall,99.4
Sabah,2010-02-01,overall,99.7
Sabah,2010-03-01,overall,99.7
Sabah,2010-04-01,overall,99.7
Sabah,2010-05-01,overall,99.6
Sabah,2010-06-01,overall,99.5
Sabah,2010-07-01,overall,99.7
Sabah,2010-08-01,overall,100
Sabah,2010-09-01,overall,100.3
Sabah,2010-10-01,overall,100.5
Sabah,2010-11-01,overall,100.7
Sabah,2010-12-01,overall,101.2
Sabah,2011-01-01,overall,101.9
Sabah,2011-02-01,overall,102.1
Sabah,2011-03-01,overall,102.2
Sabah,2011-04-01,overall,102.5
Sabah,2011-05-01,overall,102.5
Sabah,2011-06-01,overall,102.6
Sabah,2011-07-01,overall,103
Sabah,2011-08-01,overall,103.4
Sabah,2011-09-01,overall,103.5
Sabah,2011-10-01,overall,103.6
Sabah,2011-11-01,overall,103.8
Sabah,2011-12-01,overall,103.9
Sabah,2012-01-01,overall,104.3
Sabah,2012-02-01,overall,104.4
Sabah,2012-03-01,overall,104.4
Sabah,2012-04-01,overall,104.2
Sabah,2012-05-01,overall,104.4
Sabah,2012-06-01,overall,104.5
Sabah,2012-07-01,overall,104.6
Sabah,2012-08-01,overall,104.9
Sabah,2012-09-01,overall,104.8
Sabah,2012-10-01,overall,105.1
Sabah,2012-11-01,overall,105.2
Sabah,2012-12-01,overall,105.2
Sabah,2013-01-01,overall,105.9
Sabah,2013-02-01,overall,106.4
Sabah,2013-03-01,overall,106.6
Sabah,2013-04-01,overall,106.4
Sabah,2013-05-01,overall,106.2
Sabah,2013-06-01,overall,106.3
Sabah,2013-07-01,overall,106.4
Sabah,2013-08-01,overall,106.5
Sabah,2013-09-01,overall,107.5
Sabah,2013-10-01,overall,107.8
Sabah,2013-11-01,overall,108.1
Sabah,2013-12-01,overall,108.1
Sabah,2014-01-01,overall,108.6
Sabah,2014-02-01,overall,108.8
Sabah,2014-03-01,overall,108.8
Sabah,2014-04-01,overall,108.6
Sabah,2014-05-01,overall,108.6
Sabah,2014-06-01,overall,108.7
Sabah,2014-07-01,overall,108.6
Sabah,2014-08-01,overall,108.7
Sabah,2014-09-01,overall,108.9
Sabah,2014-10-01,overall,109.4
Sabah,2014-11-01,overall,109.8
Sabah,2014-12-01,overall,109.8
Sabah,2015-01-01,overall,108.2
Sabah,2015-02-01,overall,107.8
Sabah,2015-03-01,overall,108.6
Sabah,2015-04-01,overall,109.6
Sabah,2015-05-01,overall,109.7
Sabah,2015-06-01,overall,110.1
Sabah,2015-07-01,overall,110.6
Sabah,2015-08-01,overall,110.7
Sabah,2015-09-01,overall,110.1
Sabah,2015-10-01,overall,110.7
Sabah,2015-11-01,overall,111
Sabah,2015-12-01,overall,110.9
Sabah,2016-01-01,overall,110.3
Sabah,2016-02-01,overall,110
Sabah,2016-03-01,overall,109.6
Sabah,2016-04-01,overall,110.1
Sabah,2016-05-01,overall,110.2
Sabah,2016-06-01,overall,110.2
Sabah,2016-07-01,overall,110.5
Sabah,2016-08-01,overall,110.8
Sabah,2016-09-01,overall,110.6
Sabah,2016-10-01,overall,111
Sabah,2016-11-01,overall,112.1
Sabah,2016-12-01,overall,112.1
Sabah,2017-01-01,overall,113.2
Sabah,2017-02-01,overall,113.5
Sabah,2017-03-01,overall,114.2
Sabah,2017-04-01,overall,113.9
Sabah,2017-05-01,overall,113.7
Sabah,2017-06-01,overall,113.4
Sabah,2017-07-01,overall,113.6
Sabah,2017-08-01,overall,114.3
Sabah,2017-09-01,overall,114.8
Sabah,2017-10-01,overall,114.4
Sabah,2017-11-01,overall,115.1
Sabah,2017-12-01,overall,115.2
Sabah,2018-01-01,overall,115.7
Sabah,2018-02-01,overall,115.6
Sabah,2018-03-01,overall,115.3
Sabah,2018-04-01,overall,115.2
Sabah,2018-05-01,overall,115
Sabah,2018-06-01,overall,113.9
Sabah,2018-07-01,overall,114
Sabah,2018-08-01,overall,114.3
Sabah,2018-09-01,overall,114.6
Sabah,2018-10-01,overall,114.7
Sabah,2018-11-01,overall,114.9
Sabah,2018-12-01,overall,114.9
Sabah,2019-01-01,overall,114.4
Sabah,2019-02-01,overall,114.5
Sabah,2019-03-01,overall,114.9
Sabah,2019-04-01,overall,114.9
Sabah,2019-05-01,overall,114.9
Sabah,2019-06-01,overall,114.9
Sabah,2019-07-01,overall,114.9
Sabah,2019-08-01,overall,115.1
Sabah,2019-09-01,overall,115.1
Sabah,2019-10-01,overall,115.1
Sabah,2019-11-01,overall,115.4
Sabah,2019-12-01,overall,115.4
Sabah,2020-01-01,overall,115.5
Sabah,2020-02-01,overall,115.4
Sabah,2020-03-01,overall,113.9
Sabah,2020-04-01,overall,110.6
Sabah,2020-05-01,overall,110.7
Sabah,2020-06-01,overall,111.8
Sabah,2020-07-01,overall,112.6
Sabah,2020-08-01,overall,112.6
Sabah,2020-09-01,overall,112.6
Sabah,2020-10-01,overall,112.6
Sabah,2020-11-01,overall,112.5
Sabah,2020-12-01,overall,113.1
Sabah,2021-01-01,overall,113.8
Sabah,2021-02-01,overall,114.2
Sabah,2021-03-01,overall,114.7
Sabah,2021-04-01,overall,114.9
Sabah,2021-05-01,overall,114.8
Sabah,2021-06-01,overall,114.8
Sabah,2021-07-01,overall,114.2
Sabah,2021-08-01,overall,114.2
Sabah,2021-09-01,overall,114.2
Sabah,2021-10-01,overall,115
Sabah,2021-11-01,overall,115.2
Sabah,2021-12-01,overall,115.4
Sabah,2022-01-01,overall,116
Sabah,2022-02-01,overall,116.3
Sabah,2022-03-01,overall,116.3
Sabah,2022-04-01,overall,116.5
Sabah,2022-05-01,overall,117.3
Sabah,2022-06-01,overall,118
Sabah,2022-07-01,overall,118.7
Sabah,2022-08-01,overall,119.1
Sabah,2022-09-01,overall,119.1
Sabah,2022-10-01,overall,119.3
Sabah,2022-11-01,overall,119.6
Sabah,2022-12-01,overall,119.8
Sabah,2023-01-01,overall,119.8
Sabah,2023-02-01,overall,120.1
Sabah,2023-03-01,overall,120.2
Sabah,2023-04-01,overall,120.2
Sabah,2023-05-01,overall,120.8
Sabah,2023-06-01,overall,120.7
Sabah,2023-07-01,overall,120.9
Sabah,2023-08-01,overall,121.2
Sabah,2023-09-01,overall,121.3
Sabah,2023-10-01,overall,121.3
Sabah,2023-11-01,overall,121.3
Sabah,2023-12-01,overall,121.4
Sabah,2024-01-01,overall,121.6
Sabah,2024-02-01,overall,121.9
Sabah,2024-03-01,overall,121.9
Sabah,2024-04-01,overall,122.1
Sabah,2024-05-01,overall,122.2
Sabah,2024-06-01,overall,122.3
Sabah,2024-07-01,overall,122.4
Sabah,2024-08-01,overall,122.5
Sarawak,2010-01-01,overall,99.2
Sarawak,2010-02-01,overall,99.4
Sarawak,2010-03-01,overall,99.4
Sarawak,2010-04-01,overall,99.4
Sarawak,2010-05-01,overall,99.5
Sarawak,2010-06-01,overall,99.6
Sarawak,2010-07-01,overall,99.8
Sarawak,2010-08-01,overall,100.3
Sarawak,2010-09-01,overall,100.5
Sarawak,2010-10-01,overall,100.7
Sarawak,2010-11-01,overall,100.8
Sarawak,2010-12-01,overall,101.2
Sarawak,2011-01-01,overall,101.6
Sarawak,2011-02-01,overall,102.1
Sarawak,2011-03-01,overall,102.1
Sarawak,2011-04-01,overall,102.2
Sarawak,2011-05-01,overall,102.4
Sarawak,2011-06-01,overall,102.5
Sarawak,2011-07-01,overall,102.6
Sarawak,2011-08-01,overall,102.8
Sarawak,2011-09-01,overall,103
Sarawak,2011-10-01,overall,103.2
Sarawak,2011-11-01,overall,103.4
Sarawak,2011-12-01,overall,103.5
Sarawak,2012-01-01,overall,103.8
Sarawak,2012-02-01,overall,103.9
Sarawak,2012-03-01,overall,104.1
Sarawak,2012-04-01,overall,104.1
Sarawak,2012-05-01,overall,104.1
Sarawak,2012-06-01,overall,104.2
Sarawak,2012-07-01,overall,104.4
Sarawak,2012-08-01,overall,104.4
Sarawak,2012-09-01,overall,104.7
Sarawak,2012-10-01,overall,104.8
Sarawak,2012-11-01,overall,104.9
Sarawak,2012-12-01,overall,104.8
Sarawak,2013-01-01,overall,105.1
Sarawak,2013-02-01,overall,105.3
Sarawak,2013-03-01,overall,105.6
Sarawak,2013-04-01,overall,105.5
Sarawak,2013-05-01,overall,105.7
Sarawak,2013-06-01,overall,105.7
Sarawak,2013-07-01,overall,106
Sarawak,2013-08-01,overall,106.4
Sarawak,2013-09-01,overall,107.3
Sarawak,2013-10-01,overall,107.6
Sarawak,2013-11-01,overall,108
Sarawak,2013-12-01,overall,108.1
Sarawak,2014-01-01,overall,108.9
Sarawak,2014-02-01,overall,109.1
Sarawak,2014-03-01,overall,109.1
Sarawak,2014-04-01,overall,109.2
Sarawak,2014-05-01,overall,109
Sarawak,2014-06-01,overall,109.1
Sarawak,2014-07-01,overall,109.1
Sarawak,2014-08-01,overall,109.3
Sarawak,2014-09-01,overall,109.5
Sarawak,2014-10-01,overall,110
Sarawak,2014-11-01,overall,110.5
Sarawak,2014-12-01,overall,110.5
Sarawak,2015-01-01,overall,108.8
Sarawak,2015-02-01,overall,108.4
Sarawak,2015-03-01,overall,109.3
Sarawak,2015-04-01,overall,110.5
Sarawak,2015-05-01,overall,110.6
Sarawak,2015-06-01,overall,111.1
Sarawak,2015-07-01,overall,111.8
Sarawak,2015-08-01,overall,111.9
Sarawak,2015-09-01,overall,111.6
Sarawak,2015-10-01,overall,112.1
Sarawak,2015-11-01,overall,112.7
Sarawak,2015-12-01,overall,112.5
Sarawak,2016-01-01,overall,112.2
Sarawak,2016-02-01,overall,112.1
Sarawak,2016-03-01,overall,111.7
Sarawak,2016-04-01,overall,112.3
Sarawak,2016-05-01,overall,112.3
Sarawak,2016-06-01,overall,112.3
Sarawak,2016-07-01,overall,112.5
Sarawak,2016-08-01,overall,112.8
Sarawak,2016-09-01,overall,112.7
Sarawak,2016-10-01,overall,113.1
Sarawak,2016-11-01,overall,113.9
Sarawak,2016-12-01,overall,113.7
Sarawak,2017-01-01,overall,114.8
Sarawak,2017-02-01,overall,115.9
Sarawak,2017-03-01,overall,116.1
Sarawak,2017-04-01,overall,115.9
Sarawak,2017-05-01,overall,115.5
Sarawak,2017-06-01,overall,115.2
Sarawak,2017-07-01,overall,115.2
Sarawak,2017-08-01,overall,116
Sarawak,2017-09-01,overall,116.4
Sarawak,2017-10-01,overall,116.4
Sarawak,2017-11-01,overall,117.1
Sarawak,2017-12-01,overall,117.1
Sarawak,2018-01-01,overall,117.3
Sarawak,2018-02-01,overall,117.4
Sarawak,2018-03-01,overall,117.2
Sarawak,2018-04-01,overall,117.1
Sarawak,2018-05-01,overall,117.2
Sarawak,2018-06-01,overall,115.7
Sarawak,2018-07-01,overall,115.8
Sarawak,2018-08-01,overall,116
Sarawak,2018-09-01,overall,116.4
Sarawak,2018-10-01,overall,116.6
Sarawak,2018-11-01,overall,116.8
Sarawak,2018-12-01,overall,116.8
Sarawak,2019-01-01,overall,115.9
Sarawak,2019-02-01,overall,116.1
Sarawak,2019-03-01,overall,116.7
Sarawak,2019-04-01,overall,116.7
Sarawak,2019-05-01,overall,116.9
Sarawak,2019-06-01,overall,116.8
Sarawak,2019-07-01,overall,116.8
Sarawak,2019-08-01,overall,116.8
Sarawak,2019-09-01,overall,116.9
Sarawak,2019-10-01,overall,117
Sarawak,2019-11-01,overall,117.2
Sarawak,2019-12-01,overall,117.2
Sarawak,2020-01-01,overall,117.3
Sarawak,2020-02-01,overall,117.4
Sarawak,2020-03-01,overall,115.7
Sarawak,2020-04-01,overall,112.3
Sarawak,2020-05-01,overall,112.5
Sarawak,2020-06-01,overall,113.8
Sarawak,2020-07-01,overall,114.6
Sarawak,2020-08-01,overall,114.4
Sarawak,2020-09-01,overall,114.4
Sarawak,2020-10-01,overall,114.5
Sarawak,2020-11-01,overall,114.4
Sarawak,2020-12-01,overall,115
Sarawak,2021-01-01,overall,115.9
Sarawak,2021-02-01,overall,116.6
Sarawak,2021-03-01,overall,117.1
Sarawak,2021-04-01,overall,117.1
Sarawak,2021-05-01,overall,117.1
Sarawak,2021-06-01,overall,117.1
Sarawak,2021-07-01,overall,117.2
Sarawak,2021-08-01,overall,117.2
Sarawak,2021-09-01,overall,117.3
Sarawak,2021-10-01,overall,117.3
Sarawak,2021-11-01,overall,117.5
Sarawak,2021-12-01,overall,117.9
Sarawak,2022-01-01,overall,118.3
Sarawak,2022-02-01,overall,118.9
Sarawak,2022-03-01,overall,119.1
Sarawak,2022-04-01,overall,119.3
Sarawak,2022-05-01,overall,119.9
Sarawak,2022-06-01,overall,120.8
Sarawak,2022-07-01,overall,121.4
Sarawak,2022-08-01,overall,121.8
Sarawak,2022-09-01,overall,122
Sarawak,2022-10-01,overall,122.3
Sarawak,2022-11-01,overall,123
Sarawak,2022-12-01,overall,122.7
Sarawak,2023-01-01,overall,123.4
Sarawak,2023-02-01,overall,123.6
Sarawak,2023-03-01,overall,123.6
Sarawak,2023-04-01,overall,123.9
Sarawak,2023-05-01,overall,124.1
Sarawak,2023-06-01,overall,124.4
Sarawak,2023-07-01,overall,124.5
Sarawak,2023-08-01,overall,125
Sarawak,2023-09-01,overall,125.3
Sarawak,2023-10-01,overall,125.4
Sarawak,2023-11-01,overall,125.5
Sarawak,2023-12-01,overall,125.7
Sarawak,2024-01-01,overall,125.8
Sarawak,2024-02-01,overall,126
Sarawak,2024-03-01,overall,127.2
Sarawak,2024-04-01,overall,127.4
Sarawak,2024-05-01,overall,127.6
Sarawak,2024-06-01,overall,127.8
Sarawak,2024-07-01,overall,127.9
Sarawak,2024-08-01,overall,128.1
Selangor,2010-01-01,overall,99.3
Selangor,2010-02-01,overall,99.3
Selangor,2010-03-01,overall,99.4
Selangor,2010-04-01,overall,99.4
Selangor,2010-05-01,overall,99.6
Selangor,2010-06-01,overall,99.8
Selangor,2010-07-01,overall,100
Selangor,2010-08-01,overall,100.2
Selangor,2010-09-01,overall,100.3
Selangor,2010-10-01,overall,100.5
Selangor,2010-11-01,overall,100.8
Selangor,2010-12-01,overall,101.1
Selangor,2011-01-01,overall,101.8
Selangor,2011-02-01,overall,102.5
Selangor,2011-03-01,overall,102.6
Selangor,2011-04-01,overall,102.8
Selangor,2011-05-01,overall,103.1
Selangor,2011-06-01,overall,103.4
Selangor,2011-07-01,overall,103.6
Selangor,2011-08-01,overall,103.8
Selangor,2011-09-01,overall,104
Selangor,2011-10-01,overall,104.2
Selangor,2011-11-01,overall,104.4
Selangor,2011-12-01,overall,104.4
Selangor,2012-01-01,overall,104.6
Selangor,2012-02-01,overall,104.6
Selangor,2012-03-01,overall,104.6
Selangor,2012-04-01,overall,104.6
Selangor,2012-05-01,overall,104.9
Selangor,2012-06-01,overall,105
Selangor,2012-07-01,overall,105
Selangor,2012-08-01,overall,105.4
Selangor,2012-09-01,overall,105.6
Selangor,2012-10-01,overall,105.7
Selangor,2012-11-01,overall,105.8
Selangor,2012-12-01,overall,105.8
Selangor,2013-01-01,overall,106.2
Selangor,2013-02-01,overall,106.3
Selangor,2013-03-01,overall,106.6
Selangor,2013-04-01,overall,106.7
Selangor,2013-05-01,overall,107.1
Selangor,2013-06-01,overall,107.2
Selangor,2013-07-01,overall,107.4
Selangor,2013-08-01,overall,107.5
Selangor,2013-09-01,overall,108.1
Selangor,2013-10-01,overall,108.5
Selangor,2013-11-01,overall,108.9
Selangor,2013-12-01,overall,109.1
Selangor,2014-01-01,overall,109.9
Selangor,2014-02-01,overall,110.2
Selangor,2014-03-01,overall,110.3
Selangor,2014-04-01,overall,110.3
Selangor,2014-05-01,overall,110.8
Selangor,2014-06-01,overall,111
Selangor,2014-07-01,overall,111
Selangor,2014-08-01,overall,111.2
Selangor,2014-09-01,overall,111.4
Selangor,2014-10-01,overall,112.2
Selangor,2014-11-01,overall,112.9
Selangor,2014-12-01,overall,112.7
Selangor,2015-01-01,overall,111.6
Selangor,2015-02-01,overall,110.9
Selangor,2015-03-01,overall,111.9
Selangor,2015-04-01,overall,113.5
Selangor,2015-05-01,overall,113.4
Selangor,2015-06-01,overall,114.2
Selangor,2015-07-01,overall,115.1
Selangor,2015-08-01,overall,115.1
Selangor,2015-09-01,overall,114.8
Selangor,2015-10-01,overall,115.3
Selangor,2015-11-01,overall,116.2
Selangor,2015-12-01,overall,116.2
Selangor,2016-01-01,overall,115.9
Selangor,2016-02-01,overall,115.9
Selangor,2016-03-01,overall,115.1
Selangor,2016-04-01,overall,115.6
Selangor,2016-05-01,overall,116
Selangor,2016-06-01,overall,116.2
Selangor,2016-07-01,overall,116.6
Selangor,2016-08-01,overall,117.1
Selangor,2016-09-01,overall,116.9
Selangor,2016-10-01,overall,117.2
Selangor,2016-11-01,overall,118.4
Selangor,2016-12-01,overall,118.4
Selangor,2017-01-01,overall,119.6
Selangor,2017-02-01,overall,121.5
Selangor,2017-03-01,overall,121.2
Selangor,2017-04-01,overall,121
Selangor,2017-05-01,overall,120.8
Selangor,2017-06-01,overall,120.5
Selangor,2017-07-01,overall,120.5
Selangor,2017-08-01,overall,121.8
Selangor,2017-09-01,overall,122.2
Selangor,2017-10-01,overall,122.1
Selangor,2017-11-01,overall,123.1
Selangor,2017-12-01,overall,123.3
Selangor,2018-01-01,overall,123.6
Selangor,2018-02-01,overall,123.8
Selangor,2018-03-01,overall,123.4
Selangor,2018-04-01,overall,123.3
Selangor,2018-05-01,overall,123.7
Selangor,2018-06-01,overall,122
Selangor,2018-07-01,overall,122.2
Selangor,2018-08-01,overall,122.4
Selangor,2018-09-01,overall,123
Selangor,2018-10-01,overall,123.3
Selangor,2018-11-01,overall,123.6
Selangor,2018-12-01,overall,123.6
Selangor,2019-01-01,overall,123
Selangor,2019-02-01,overall,123.5
Selangor,2019-03-01,overall,123.8
Selangor,2019-04-01,overall,123.8
Selangor,2019-05-01,overall,124
Selangor,2019-06-01,overall,124.1
Selangor,2019-07-01,overall,124.2
Selangor,2019-08-01,overall,124.6
Selangor,2019-09-01,overall,124.7
Selangor,2019-10-01,overall,124.9
Selangor,2019-11-01,overall,125.1
Selangor,2019-12-01,overall,125.3
Selangor,2020-01-01,overall,125.5
Selangor,2020-02-01,overall,125.5
Selangor,2020-03-01,overall,124.2
Selangor,2020-04-01,overall,121
Selangor,2020-05-01,overall,121.3
Selangor,2020-06-01,overall,122.5
Selangor,2020-07-01,overall,123.3
Selangor,2020-08-01,overall,123.6
Selangor,2020-09-01,overall,123.7
Selangor,2020-10-01,overall,123.8
Selangor,2020-11-01,overall,123.6
Selangor,2020-12-01,overall,124.2
Selangor,2021-01-01,overall,125.7
Selangor,2021-02-01,overall,126
Selangor,2021-03-01,overall,126.5
Selangor,2021-04-01,overall,126.6
Selangor,2021-05-01,overall,126.7
Selangor,2021-06-01,overall,126.8
Selangor,2021-07-01,overall,126.2
Selangor,2021-08-01,overall,126.2
Selangor,2021-09-01,overall,126.4
Selangor,2021-10-01,overall,127.6
Selangor,2021-11-01,overall,128.1
Selangor,2021-12-01,overall,128.7
Selangor,2022-01-01,overall,129.3
Selangor,2022-02-01,overall,129.6
Selangor,2022-03-01,overall,130.1
Selangor,2022-04-01,overall,130.5
Selangor,2022-05-01,overall,131.4
Selangor,2022-06-01,overall,132.2
Selangor,2022-07-01,overall,132.8
Selangor,2022-08-01,overall,133.2
Selangor,2022-09-01,overall,133.4
Selangor,2022-10-01,overall,133.8
Selangor,2022-11-01,overall,134.2
Selangor,2022-12-01,overall,134.5
Selangor,2023-01-01,overall,134.7
Selangor,2023-02-01,overall,135.2
Selangor,2023-03-01,overall,135.3
Selangor,2023-04-01,overall,135.4
Selangor,2023-05-01,overall,135.7
Selangor,2023-06-01,overall,135.8
Selangor,2023-07-01,overall,136
Selangor,2023-08-01,overall,136.2
Selangor,2023-09-01,overall,136.2
Selangor,2023-10-01,overall,136.4
Selangor,2023-11-01,overall,136.5
Selangor,2023-12-01,overall,136.8
Selangor,2024-01-01,overall,137.1
Selangor,2024-02-01,overall,138
Selangor,2024-03-01,overall,138.1
Selangor,2024-04-01,overall,138.4
Selangor,2024-05-01,overall,139
Selangor,2024-06-01,overall,139
Selangor,2024-07-01,overall,139.2
Selangor,2024-08-01,overall,139.3
Terengganu,2010-01-01,overall,99.2
Terengganu,2010-02-01,overall,99.1
Terengganu,2010-03-01,overall,99.1
Terengganu,2010-04-01,overall,99.2
Terengganu,2010-05-01,overall,99.5
Terengganu,2010-06-01,overall,99.9
Terengganu,2010-07-01,overall,100
Terengganu,2010-08-01,overall,100.4
Terengganu,2010-09-01,overall,100.5
Terengganu,2010-10-01,overall,100.4
Terengganu,2010-11-01,overall,101
Terengganu,2010-12-01,overall,101.6
Terengganu,2011-01-01,overall,102.3
Terengganu,2011-02-01,overall,102.5
Terengganu,2011-03-01,overall,102.5
Terengganu,2011-04-01,overall,103.1
Terengganu,2011-05-01,overall,103.3
Terengganu,2011-06-01,overall,103.8
Terengganu,2011-07-01,overall,104.1
Terengganu,2011-08-01,overall,104.3
Terengganu,2011-09-01,overall,104.4
Terengganu,2011-10-01,overall,104.5
Terengganu,2011-11-01,overall,104.4
Terengganu,2011-12-01,overall,104.6
Terengganu,2012-01-01,overall,104.9
Terengganu,2012-02-01,overall,104.6
Terengganu,2012-03-01,overall,104.5
Terengganu,2012-04-01,overall,104.4
Terengganu,2012-05-01,overall,104.8
Terengganu,2012-06-01,overall,105.2
Terengganu,2012-07-01,overall,105.2
Terengganu,2012-08-01,overall,105.1
Terengganu,2012-09-01,overall,104.9
Terengganu,2012-10-01,overall,105
Terengganu,2012-11-01,overall,105.2
Terengganu,2012-12-01,overall,105.4
Terengganu,2013-01-01,overall,106.2
Terengganu,2013-02-01,overall,106.1
Terengganu,2013-03-01,overall,106.1
Terengganu,2013-04-01,overall,106.1
Terengganu,2013-05-01,overall,106.5
Terengganu,2013-06-01,overall,106.7
Terengganu,2013-07-01,overall,106.9
Terengganu,2013-08-01,overall,106.8
Terengganu,2013-09-01,overall,107.6
Terengganu,2013-10-01,overall,107.9
Terengganu,2013-11-01,overall,108.2
Terengganu,2013-12-01,overall,108.7
Terengganu,2014-01-01,overall,109.1
Terengganu,2014-02-01,overall,109.2
Terengganu,2014-03-01,overall,109.3
Terengganu,2014-04-01,overall,109.2
Terengganu,2014-05-01,overall,109.4
Terengganu,2014-06-01,overall,109.7
Terengganu,2014-07-01,overall,110
Terengganu,2014-08-01,overall,109.9
Terengganu,2014-09-01,overall,109.8
Terengganu,2014-10-01,overall,110.5
Terengganu,2014-11-01,overall,110.8
Terengganu,2014-12-01,overall,110.8
Terengganu,2015-01-01,overall,109.6
Terengganu,2015-02-01,overall,108.5
Terengganu,2015-03-01,overall,109.4
Terengganu,2015-04-01,overall,110.7
Terengganu,2015-05-01,overall,111.2
Terengganu,2015-06-01,overall,111.8
Terengganu,2015-07-01,overall,113.1
Terengganu,2015-08-01,overall,112.4
Terengganu,2015-09-01,overall,112.1
Terengganu,2015-10-01,overall,112.5
Terengganu,2015-11-01,overall,112.9
Terengganu,2015-12-01,overall,112.9
Terengganu,2016-01-01,overall,112.8
Terengganu,2016-02-01,overall,112.6
Terengganu,2016-03-01,overall,111.8
Terengganu,2016-04-01,overall,112.1
Terengganu,2016-05-01,overall,112.5
Terengganu,2016-06-01,overall,113
Terengganu,2016-07-01,overall,113.5
Terengganu,2016-08-01,overall,113.5
Terengganu,2016-09-01,overall,113.1
Terengganu,2016-10-01,overall,113.2
Terengganu,2016-11-01,overall,114.1
Terengganu,2016-12-01,overall,114.2
Terengganu,2017-01-01,overall,115.6
Terengganu,2017-02-01,overall,116.9
Terengganu,2017-03-01,overall,116.5
Terengganu,2017-04-01,overall,115.9
Terengganu,2017-05-01,overall,115.7
Terengganu,2017-06-01,overall,115.6
Terengganu,2017-07-01,overall,115.8
Terengganu,2017-08-01,overall,116.6
Terengganu,2017-09-01,overall,116.8
Terengganu,2017-10-01,overall,116.7
Terengganu,2017-11-01,overall,117.5
Terengganu,2017-12-01,overall,117.8
Terengganu,2018-01-01,overall,118.2
Terengganu,2018-02-01,overall,118.1
Terengganu,2018-03-01,overall,117.4
Terengganu,2018-04-01,overall,117.1
Terengganu,2018-05-01,overall,117.3
Terengganu,2018-06-01,overall,116.1
Terengganu,2018-07-01,overall,116.2
Terengganu,2018-08-01,overall,116.2
Terengganu,2018-09-01,overall,116.3
Terengganu,2018-10-01,overall,116.5
Terengganu,2018-11-01,overall,117
Terengganu,2018-12-01,overall,117.1
Terengganu,2019-01-01,overall,116.4
Terengganu,2019-02-01,overall,116.5
Terengganu,2019-03-01,overall,116.6
Terengganu,2019-04-01,overall,116.6
Terengganu,2019-05-01,overall,117
Terengganu,2019-06-01,overall,117.2
Terengganu,2019-07-01,overall,117.2
Terengganu,2019-08-01,overall,117.4
Terengganu,2019-09-01,overall,117.3
Terengganu,2019-10-01,overall,117.4
Terengganu,2019-11-01,overall,117.3
Terengganu,2019-12-01,overall,117.7
Terengganu,2020-01-01,overall,117.8
Terengganu,2020-02-01,overall,117.8
Terengganu,2020-03-01,overall,115.9
Terengganu,2020-04-01,overall,112.5
Terengganu,2020-05-01,overall,112.8
Terengganu,2020-06-01,overall,114.7
Terengganu,2020-07-01,overall,115.8
Terengganu,2020-08-01,overall,115.9
Terengganu,2020-09-01,overall,115.7
Terengganu,2020-10-01,overall,115.7
Terengganu,2020-11-01,overall,115.5
Terengganu,2020-12-01,overall,116.5
Terengganu,2021-01-01,overall,118.2
Terengganu,2021-02-01,overall,118.8
Terengganu,2021-03-01,overall,119.2
Terengganu,2021-04-01,overall,119.6
Terengganu,2021-05-01,overall,119.8
Terengganu,2021-06-01,overall,119.8
Terengganu,2021-07-01,overall,119
Terengganu,2021-08-01,overall,118.9
Terengganu,2021-09-01,overall,119.3
Terengganu,2021-10-01,overall,120.2
Terengganu,2021-11-01,overall,120.5
Terengganu,2021-12-01,overall,121
Terengganu,2022-01-01,overall,121.4
Terengganu,2022-02-01,overall,121.7
Terengganu,2022-03-01,overall,122.1
Terengganu,2022-04-01,overall,122.3
Terengganu,2022-05-01,overall,122.8
Terengganu,2022-06-01,overall,123.5
Terengganu,2022-07-01,overall,123.7
Terengganu,2022-08-01,overall,123.6
Terengganu,2022-09-01,overall,123.8
Terengganu,2022-10-01,overall,124.1
Terengganu,2022-11-01,overall,124.5
Terengganu,2022-12-01,overall,124.5
Terengganu,2023-01-01,overall,124.7
Terengganu,2023-02-01,overall,125
Terengganu,2023-03-01,overall,125.1
Terengganu,2023-04-01,overall,125.2
Terengganu,2023-05-01,overall,125.2
Terengganu,2023-06-01,overall,125.4
Terengganu,2023-07-01,overall,125.6
Terengganu,2023-08-01,overall,125.5
Terengganu,2023-09-01,overall,125.6
Terengganu,2023-10-01,overall,125.7
Terengganu,2023-11-01,overall,125.6
Terengganu,2023-12-01,overall,126
Terengganu,2024-01-01,overall,126.1
Terengganu,2024-02-01,overall,126.8
Terengganu,2024-03-01,overall,126.9
Terengganu,2024-04-01,overall,126.9
Terengganu,2024-05-01,overall,127.2
Terengganu,2024-06-01,overall,127.4
Terengganu,2024-07-01,overall,127.6
Terengganu,2024-08-01,overall,127.6
W.P. Kuala Lumpur,2010-01-01,overall,99.4
W.P. Kuala Lumpur,2010-02-01,overall,99.4
W.P. Kuala Lumpur,2010-03-01,overall,99.4
W.P. Kuala Lumpur,2010-04-01,overall,99.5
W.P. Kuala Lumpur,2010-05-01,overall,99.7
W.P. Kuala Lumpur,2010-06-01,overall,99.9
W.P. Kuala Lumpur,2010-07-01,overall,100.1
W.P. Kuala Lumpur,2010-08-01,overall,100.3
W.P. Kuala Lumpur,2010-09-01,overall,100.4
W.P. Kuala Lumpur,2010-10-01,overall,100.5
W.P. Kuala Lumpur,2010-11-01,overall,100.6
W.P. Kuala Lumpur,2010-12-01,overall,100.9
W.P. Kuala Lumpur,2011-01-01,overall,101.6
W.P. Kuala Lumpur,2011-02-01,overall,101.9
W.P. Kuala Lumpur,2011-03-01,overall,102
W.P. Kuala Lumpur,2011-04-01,overall,102.2
W.P. Kuala Lumpur,2011-05-01,overall,102.4
W.P. Kuala Lumpur,2011-06-01,overall,102.6
W.P. Kuala Lumpur,2011-07-01,overall,102.8
W.P. Kuala Lumpur,2011-08-01,overall,102.9
W.P. Kuala Lumpur,2011-09-01,overall,103.1
W.P. Kuala Lumpur,2011-10-01,overall,103.4
W.P. Kuala Lumpur,2011-11-01,overall,103.5
W.P. Kuala Lumpur,2011-12-01,overall,103.5
W.P. Kuala Lumpur,2012-01-01,overall,103.8
W.P. Kuala Lumpur,2012-02-01,overall,104
W.P. Kuala Lumpur,2012-03-01,overall,103.9
W.P. Kuala Lumpur,2012-04-01,overall,103.8
W.P. Kuala Lumpur,2012-05-01,overall,104
W.P. Kuala Lumpur,2012-06-01,overall,104
W.P. Kuala Lumpur,2012-07-01,overall,104.1
W.P. Kuala Lumpur,2012-08-01,overall,104.1
W.P. Kuala Lumpur,2012-09-01,overall,104.3
W.P. Kuala Lumpur,2012-10-01,overall,104.4
W.P. Kuala Lumpur,2012-11-01,overall,104.5
W.P. Kuala Lumpur,2012-12-01,overall,104.5
W.P. Kuala Lumpur,2013-01-01,overall,104.7
W.P. Kuala Lumpur,2013-02-01,overall,104.9
W.P. Kuala Lumpur,2013-03-01,overall,104.9
W.P. Kuala Lumpur,2013-04-01,overall,105
W.P. Kuala Lumpur,2013-05-01,overall,105.2
W.P. Kuala Lumpur,2013-06-01,overall,105.3
W.P. Kuala Lumpur,2013-07-01,overall,105.4
W.P. Kuala Lumpur,2013-08-01,overall,105.6
W.P. Kuala Lumpur,2013-09-01,overall,106.6
W.P. Kuala Lumpur,2013-10-01,overall,106.8
W.P. Kuala Lumpur,2013-11-01,overall,107.1
W.P. Kuala Lumpur,2013-12-01,overall,107.5
W.P. Kuala Lumpur,2014-01-01,overall,108
W.P. Kuala Lumpur,2014-02-01,overall,108.5
W.P. Kuala Lumpur,2014-03-01,overall,108.7
W.P. Kuala Lumpur,2014-04-01,overall,108.8
W.P. Kuala Lumpur,2014-05-01,overall,108.9
W.P. Kuala Lumpur,2014-06-01,overall,109.1
W.P. Kuala Lumpur,2014-07-01,overall,109.2
W.P. Kuala Lumpur,2014-08-01,overall,109.6
W.P. Kuala Lumpur,2014-09-01,overall,109.7
W.P. Kuala Lumpur,2014-10-01,overall,110.2
W.P. Kuala Lumpur,2014-11-01,overall,110.8
W.P. Kuala Lumpur,2014-12-01,overall,110.6
W.P. Kuala Lumpur,2015-01-01,overall,109.7
W.P. Kuala Lumpur,2015-02-01,overall,109.3
W.P. Kuala Lumpur,2015-03-01,overall,110.4
W.P. Kuala Lumpur,2015-04-01,overall,111.6
W.P. Kuala Lumpur,2015-05-01,overall,111.9
W.P. Kuala Lumpur,2015-06-01,overall,112.6
W.P. Kuala Lumpur,2015-07-01,overall,113.4
W.P. Kuala Lumpur,2015-08-01,overall,113.5
W.P. Kuala Lumpur,2015-09-01,overall,113.3
W.P. Kuala Lumpur,2015-10-01,overall,113.8
W.P. Kuala Lumpur,2015-11-01,overall,114.4
W.P. Kuala Lumpur,2015-12-01,overall,114.5
W.P. Kuala Lumpur,2016-01-01,overall,114.2
W.P. Kuala Lumpur,2016-02-01,overall,114.6
W.P. Kuala Lumpur,2016-03-01,overall,114.1
W.P. Kuala Lumpur,2016-04-01,overall,114.5
W.P. Kuala Lumpur,2016-05-01,overall,114.9
W.P. Kuala Lumpur,2016-06-01,overall,114.9
W.P. Kuala Lumpur,2016-07-01,overall,115.1
W.P. Kuala Lumpur,2016-08-01,overall,116.3
W.P. Kuala Lumpur,2016-09-01,overall,116.1
W.P. Kuala Lumpur,2016-10-01,overall,116.3
W.P. Kuala Lumpur,2016-11-01,overall,117.5
W.P. Kuala Lumpur,2016-12-01,overall,117.4
W.P. Kuala Lumpur,2017-01-01,overall,118.3
W.P. Kuala Lumpur,2017-02-01,overall,120
W.P. Kuala Lumpur,2017-03-01,overall,119.7
W.P. Kuala Lumpur,2017-04-01,overall,119.5
W.P. Kuala Lumpur,2017-05-01,overall,119.6
W.P. Kuala Lumpur,2017-06-01,overall,119.2
W.P. Kuala Lumpur,2017-07-01,overall,119.1
W.P. Kuala Lumpur,2017-08-01,overall,120.1
W.P. Kuala Lumpur,2017-09-01,overall,120.4
W.P. Kuala Lumpur,2017-10-01,overall,120.4
W.P. Kuala Lumpur,2017-11-01,overall,120.8
W.P. Kuala Lumpur,2017-12-01,overall,120.9
W.P. Kuala Lumpur,2018-01-01,overall,121.5
W.P. Kuala Lumpur,2018-02-01,overall,121.7
W.P. Kuala Lumpur,2018-03-01,overall,121.4
W.P. Kuala Lumpur,2018-04-01,overall,121.8
W.P. Kuala Lumpur,2018-05-01,overall,122.2
W.P. Kuala Lumpur,2018-06-01,overall,120.3
W.P. Kuala Lumpur,2018-07-01,overall,120.4
W.P. Kuala Lumpur,2018-08-01,overall,120.7
W.P. Kuala Lumpur,2018-09-01,overall,121.5
W.P. Kuala Lumpur,2018-10-01,overall,122
W.P. Kuala Lumpur,2018-11-01,overall,122.3
W.P. Kuala Lumpur,2018-12-01,overall,122.1
W.P. Kuala Lumpur,2019-01-01,overall,121.7
W.P. Kuala Lumpur,2019-02-01,overall,122.1
W.P. Kuala Lumpur,2019-03-01,overall,122.5
W.P. Kuala Lumpur,2019-04-01,overall,122.7
W.P. Kuala Lumpur,2019-05-01,overall,122.8
W.P. Kuala Lumpur,2019-06-01,overall,122.9
W.P. Kuala Lumpur,2019-07-01,overall,123.1
W.P. Kuala Lumpur,2019-08-01,overall,123.6
W.P. Kuala Lumpur,2019-09-01,overall,123.6
W.P. Kuala Lumpur,2019-10-01,overall,123.6
W.P. Kuala Lumpur,2019-11-01,overall,124
W.P. Kuala Lumpur,2019-12-01,overall,123.9
W.P. Kuala Lumpur,2020-01-01,overall,123.9
W.P. Kuala Lumpur,2020-02-01,overall,123.9
W.P. Kuala Lumpur,2020-03-01,overall,122.8
W.P. Kuala Lumpur,2020-04-01,overall,120.3
W.P. Kuala Lumpur,2020-05-01,overall,120.5
W.P. Kuala Lumpur,2020-06-01,overall,121.3
W.P. Kuala Lumpur,2020-07-01,overall,121.9
W.P. Kuala Lumpur,2020-08-01,overall,122.5
W.P. Kuala Lumpur,2020-09-01,overall,122.6
W.P. Kuala Lumpur,2020-10-01,overall,122.6
W.P. Kuala Lumpur,2020-11-01,overall,122.5
W.P. Kuala Lumpur,2020-12-01,overall,122.8
W.P. Kuala Lumpur,2021-01-01,overall,124
W.P. Kuala Lumpur,2021-02-01,overall,124.2
W.P. Kuala Lumpur,2021-03-01,overall,124.7
W.P. Kuala Lumpur,2021-04-01,overall,124.9
W.P. Kuala Lumpur,2021-05-01,overall,124.9
W.P. Kuala Lumpur,2021-06-01,overall,124.9
W.P. Kuala Lumpur,2021-07-01,overall,124.3
W.P. Kuala Lumpur,2021-08-01,overall,124.4
W.P. Kuala Lumpur,2021-09-01,overall,124.5
W.P. Kuala Lumpur,2021-10-01,overall,125
W.P. Kuala Lumpur,2021-11-01,overall,125.4
W.P. Kuala Lumpur,2021-12-01,overall,125.6
W.P. Kuala Lumpur,2022-01-01,overall,126.2
W.P. Kuala Lumpur,2022-02-01,overall,126.5
W.P. Kuala Lumpur,2022-03-01,overall,126.9
W.P. Kuala Lumpur,2022-04-01,overall,127.1
W.P. Kuala Lumpur,2022-05-01,overall,127.9
W.P. Kuala Lumpur,2022-06-01,overall,128.8
W.P. Kuala Lumpur,2022-07-01,overall,129
W.P. Kuala Lumpur,2022-08-01,overall,129.4
W.P. Kuala Lumpur,2022-09-01,overall,129.5
W.P. Kuala Lumpur,2022-10-01,overall,129.8
W.P. Kuala Lumpur,2022-11-01,overall,130.2
W.P. Kuala Lumpur,2022-12-01,overall,130.4
W.P. Kuala Lumpur,2023-01-01,overall,130.4
W.P. Kuala Lumpur,2023-02-01,overall,130.7
W.P. Kuala Lumpur,2023-03-01,overall,130.7
W.P. Kuala Lumpur,2023-04-01,overall,130.6
W.P. Kuala Lumpur,2023-05-01,overall,131.2
W.P. Kuala Lumpur,2023-06-01,overall,131.4
W.P. Kuala Lumpur,2023-07-01,overall,131.4
W.P. Kuala Lumpur,2023-08-01,overall,131.5
W.P. Kuala Lumpur,2023-09-01,overall,131.5
W.P. Kuala Lumpur,2023-10-01,overall,131.6
W.P. Kuala Lumpur,2023-11-01,overall,131.4
W.P. Kuala Lumpur,2023-12-01,overall,131.6
W.P. Kuala Lumpur,2024-01-01,overall,132
W.P. Kuala Lumpur,2024-02-01,overall,132.4
W.P. Kuala Lumpur,2024-03-01,overall,132.2
W.P. Kuala Lumpur,2024-04-01,overall,132.4
W.P. Kuala Lumpur,2024-05-01,overall,132.5
W.P. Kuala Lumpur,2024-06-01,overall,132.9
W.P. Kuala Lumpur,2024-07-01,overall,133.4
W.P. Kuala Lumpur,2024-08-01,overall,133.6
W.P. Labuan,2010-01-01,overall,99.4
W.P. Labuan,2010-02-01,overall,99.6
W.P. Labuan,2010-03-01,overall,99.6
W.P. Labuan,2010-04-01,overall,99.8
W.P. Labuan,2010-05-01,overall,99.8
W.P. Labuan,2010-06-01,overall,99.8
W.P. Labuan,2010-07-01,overall,100
W.P. Labuan,2010-08-01,overall,100.2
W.P. Labuan,2010-09-01,overall,100.3
W.P. Labuan,2010-10-01,overall,100.5
W.P. Labuan,2010-11-01,overall,100.2
W.P. Labuan,2010-12-01,overall,100.6
W.P. Labuan,2011-01-01,overall,101.1
W.P. Labuan,2011-02-01,overall,101.3
W.P. Labuan,2011-03-01,overall,101.4
W.P. Labuan,2011-04-01,overall,101.6
W.P. Labuan,2011-05-01,overall,103.5
W.P. Labuan,2011-06-01,overall,103.5
W.P. Labuan,2011-07-01,overall,103.9
W.P. Labuan,2011-08-01,overall,104.2
W.P. Labuan,2011-09-01,overall,104.4
W.P. Labuan,2011-10-01,overall,104.9
W.P. Labuan,2011-11-01,overall,105.2
W.P. Labuan,2011-12-01,overall,105.2
W.P. Labuan,2012-01-01,overall,105.6
W.P. Labuan,2012-02-01,overall,106
W.P. Labuan,2012-03-01,overall,105.9
W.P. Labuan,2012-04-01,overall,106
W.P. Labuan,2012-05-01,overall,106.5
W.P. Labuan,2012-06-01,overall,106.6
W.P. Labuan,2012-07-01,overall,106.6
W.P. Labuan,2012-08-01,overall,106.8
W.P. Labuan,2012-09-01,overall,107.1
W.P. Labuan,2012-10-01,overall,107
W.P. Labuan,2012-11-01,overall,107.5
W.P. Labuan,2012-12-01,overall,107.6
W.P. Labuan,2013-01-01,overall,108
W.P. Labuan,2013-02-01,overall,107.9
W.P. Labuan,2013-03-01,overall,108.5
W.P. Labuan,2013-04-01,overall,108.5
W.P. Labuan,2013-05-01,overall,108.6
W.P. Labuan,2013-06-01,overall,108.7
W.P. Labuan,2013-07-01,overall,109
W.P. Labuan,2013-08-01,overall,109
W.P. Labuan,2013-09-01,overall,110.2
W.P. Labuan,2013-10-01,overall,110.3
W.P. Labuan,2013-11-01,overall,112.4
W.P. Labuan,2013-12-01,overall,112.4
W.P. Labuan,2014-01-01,overall,112.9
W.P. Labuan,2014-02-01,overall,113.1
W.P. Labuan,2014-03-01,overall,113.1
W.P. Labuan,2014-04-01,overall,112.9
W.P. Labuan,2014-05-01,overall,112.9
W.P. Labuan,2014-06-01,overall,112.8
W.P. Labuan,2014-07-01,overall,112.7
W.P. Labuan,2014-08-01,overall,112.9
W.P. Labuan,2014-09-01,overall,112.9
W.P. Labuan,2014-10-01,overall,114
W.P. Labuan,2014-11-01,overall,114.2
W.P. Labuan,2014-12-01,overall,113.9
W.P. Labuan,2015-01-01,overall,112.4
W.P. Labuan,2015-02-01,overall,112.3
W.P. Labuan,2015-03-01,overall,113.5
W.P. Labuan,2015-04-01,overall,113.8
W.P. Labuan,2015-05-01,overall,113.9
W.P. Labuan,2015-06-01,overall,114.5
W.P. Labuan,2015-07-01,overall,115.3
W.P. Labuan,2015-08-01,overall,116.5
W.P. Labuan,2015-09-01,overall,116
W.P. Labuan,2015-10-01,overall,116.5
W.P. Labuan,2015-11-01,overall,116.6
W.P. Labuan,2015-12-01,overall,116.2
W.P. Labuan,2016-01-01,overall,115.7
W.P. Labuan,2016-02-01,overall,114.9
W.P. Labuan,2016-03-01,overall,114.5
W.P. Labuan,2016-04-01,overall,114.6
W.P. Labuan,2016-05-01,overall,115.1
W.P. Labuan,2016-06-01,overall,115.1
W.P. Labuan,2016-07-01,overall,115.1
W.P. Labuan,2016-08-01,overall,115.3
W.P. Labuan,2016-09-01,overall,115.1
W.P. Labuan,2016-10-01,overall,115.4
W.P. Labuan,2016-11-01,overall,116.2
W.P. Labuan,2016-12-01,overall,115.9
W.P. Labuan,2017-01-01,overall,116.5
W.P. Labuan,2017-02-01,overall,117.7
W.P. Labuan,2017-03-01,overall,117.6
W.P. Labuan,2017-04-01,overall,117.5
W.P. Labuan,2017-05-01,overall,117.2
W.P. Labuan,2017-06-01,overall,116.8
W.P. Labuan,2017-07-01,overall,117
W.P. Labuan,2017-08-01,overall,117.7
W.P. Labuan,2017-09-01,overall,118.1
W.P. Labuan,2017-10-01,overall,118
W.P. Labuan,2017-11-01,overall,118.4
W.P. Labuan,2017-12-01,overall,118.3
W.P. Labuan,2018-01-01,overall,118.5
W.P. Labuan,2018-02-01,overall,118.1
W.P. Labuan,2018-03-01,overall,118.1
W.P. Labuan,2018-04-01,overall,118
W.P. Labuan,2018-05-01,overall,117.7
W.P. Labuan,2018-06-01,overall,117.2
W.P. Labuan,2018-07-01,overall,117.5
W.P. Labuan,2018-08-01,overall,117.2
W.P. Labuan,2018-09-01,overall,117.7
W.P. Labuan,2018-10-01,overall,118
W.P. Labuan,2018-11-01,overall,118.2
W.P. Labuan,2018-12-01,overall,118.1
W.P. Labuan,2019-01-01,overall,117.5
W.P. Labuan,2019-02-01,overall,117.7
W.P. Labuan,2019-03-01,overall,118.1
W.P. Labuan,2019-04-01,overall,118.3
W.P. Labuan,2019-05-01,overall,118.3
W.P. Labuan,2019-06-01,overall,118.3
W.P. Labuan,2019-07-01,overall,118.3
W.P. Labuan,2019-08-01,overall,118.5
W.P. Labuan,2019-09-01,overall,118.5
W.P. Labuan,2019-10-01,overall,118.5
W.P. Labuan,2019-11-01,overall,118.5
W.P. Labuan,2019-12-01,overall,118.5
W.P. Labuan,2020-01-01,overall,118.6
W.P. Labuan,2020-02-01,overall,118.5
W.P. Labuan,2020-03-01,overall,117.1
W.P. Labuan,2020-04-01,overall,113.8
W.P. Labuan,2020-05-01,overall,114.1
W.P. Labuan,2020-06-01,overall,115.1
W.P. Labuan,2020-07-01,overall,115.7
W.P. Labuan,2020-08-01,overall,115.9
W.P. Labuan,2020-09-01,overall,115.9
W.P. Labuan,2020-10-01,overall,115.8
W.P. Labuan,2020-11-01,overall,115.7
W.P. Labuan,2020-12-01,overall,116.3
W.P. Labuan,2021-01-01,overall,116.9
W.P. Labuan,2021-02-01,overall,117.3
W.P. Labuan,2021-03-01,overall,117.9
W.P. Labuan,2021-04-01,overall,118
W.P. Labuan,2021-05-01,overall,117.9
W.P. Labuan,2021-06-01,overall,118.1
W.P. Labuan,2021-07-01,overall,117.4
W.P. Labuan,2021-08-01,overall,117.4
W.P. Labuan,2021-09-01,overall,117.4
W.P. Labuan,2021-10-01,overall,118.3
W.P. Labuan,2021-11-01,overall,118.6
W.P. Labuan,2021-12-01,overall,118.8
W.P. Labuan,2022-01-01,overall,119.1
W.P. Labuan,2022-02-01,overall,119.3
W.P. Labuan,2022-03-01,overall,119.6
W.P. Labuan,2022-04-01,overall,119.9
W.P. Labuan,2022-05-01,overall,120.6
W.P. Labuan,2022-06-01,overall,121
W.P. Labuan,2022-07-01,overall,121.2
W.P. Labuan,2022-08-01,overall,121
W.P. Labuan,2022-09-01,overall,121
W.P. Labuan,2022-10-01,overall,121.1
W.P. Labuan,2022-11-01,overall,121.5
W.P. Labuan,2022-12-01,overall,121.5
W.P. Labuan,2023-01-01,overall,121.6
W.P. Labuan,2023-02-01,overall,122.1
W.P. Labuan,2023-03-01,overall,122.2
W.P. Labuan,2023-04-01,overall,122.3
W.P. Labuan,2023-05-01,overall,122.1
W.P. Labuan,2023-06-01,overall,122.4
W.P. Labuan,2023-07-01,overall,122.5
W.P. Labuan,2023-08-01,overall,122.8
W.P. Labuan,2023-09-01,overall,122.8
W.P. Labuan,2023-10-01,overall,122.9
W.P. Labuan,2023-11-01,overall,123.2
W.P. Labuan,2023-12-01,overall,123.3
W.P. Labuan,2024-01-01,overall,123.3
W.P. Labuan,2024-02-01,overall,123.3
W.P. Labuan,2024-03-01,overall,123.1
W.P. Labuan,2024-04-01,overall,123
W.P. Labuan,2024-05-01,overall,123.2
W.P. Labuan,2024-06-01,overall,123.6
W.P. Labuan,2024-07-01,overall,123.4
W.P. Labuan,2024-08-01,overall,123.4
W.P. Putrajaya,2010-01-01,overall,99.7
W.P. Putrajaya,2010-02-01,overall,99.6
W.P. Putrajaya,2010-03-01,overall,99.6
W.P. Putrajaya,2010-04-01,overall,99.6
W.P. Putrajaya,2010-05-01,overall,99.6
W.P. Putrajaya,2010-06-01,overall,99.7
W.P. Putrajaya,2010-07-01,overall,99.9
W.P. Putrajaya,2010-08-01,overall,100.1
W.P. Putrajaya,2010-09-01,overall,100.4
W.P. Putrajaya,2010-10-01,overall,100.5
W.P. Putrajaya,2010-11-01,overall,100.6
W.P. Putrajaya,2010-12-01,overall,100.8
W.P. Putrajaya,2011-01-01,overall,101.8
W.P. Putrajaya,2011-02-01,overall,102.5
W.P. Putrajaya,2011-03-01,overall,102.6
W.P. Putrajaya,2011-04-01,overall,102.9
W.P. Putrajaya,2011-05-01,overall,103.1
W.P. Putrajaya,2011-06-01,overall,103.3
W.P. Putrajaya,2011-07-01,overall,103.3
W.P. Putrajaya,2011-08-01,overall,103.4
W.P. Putrajaya,2011-09-01,overall,103.8
W.P. Putrajaya,2011-10-01,overall,104.3
W.P. Putrajaya,2011-11-01,overall,104.3
W.P. Putrajaya,2011-12-01,overall,104.6
W.P. Putrajaya,2012-01-01,overall,104.8
W.P. Putrajaya,2012-02-01,overall,105
W.P. Putrajaya,2012-03-01,overall,105
W.P. Putrajaya,2012-04-01,overall,105
W.P. Putrajaya,2012-05-01,overall,105.1
W.P. Putrajaya,2012-06-01,overall,105
W.P. Putrajaya,2012-07-01,overall,104.9
W.P. Putrajaya,2012-08-01,overall,105
W.P. Putrajaya,2012-09-01,overall,105.2
W.P. Putrajaya,2012-10-01,overall,105.2
W.P. Putrajaya,2012-11-01,overall,105.3
W.P. Putrajaya,2012-12-01,overall,105.2
W.P. Putrajaya,2013-01-01,overall,105.4
W.P. Putrajaya,2013-02-01,overall,105.5
W.P. Putrajaya,2013-03-01,overall,106
W.P. Putrajaya,2013-04-01,overall,106.7
W.P. Putrajaya,2013-05-01,overall,106.5
W.P. Putrajaya,2013-06-01,overall,106.6
W.P. Putrajaya,2013-07-01,overall,106.7
W.P. Putrajaya,2013-08-01,overall,106.8
W.P. Putrajaya,2013-09-01,overall,108.1
W.P. Putrajaya,2013-10-01,overall,108.4
W.P. Putrajaya,2013-11-01,overall,108.6
W.P. Putrajaya,2013-12-01,overall,108.9
W.P. Putrajaya,2014-01-01,overall,109.3
W.P. Putrajaya,2014-02-01,overall,109.6
W.P. Putrajaya,2014-03-01,overall,109.7
W.P. Putrajaya,2014-04-01,overall,110.1
W.P. Putrajaya,2014-05-01,overall,110.3
W.P. Putrajaya,2014-06-01,overall,110.5
W.P. Putrajaya,2014-07-01,overall,110.4
W.P. Putrajaya,2014-08-01,overall,110.6
W.P. Putrajaya,2014-09-01,overall,110.7
W.P. Putrajaya,2014-10-01,overall,111.6
W.P. Putrajaya,2014-11-01,overall,112.1
W.P. Putrajaya,2014-12-01,overall,111.7
W.P. Putrajaya,2015-01-01,overall,110
W.P. Putrajaya,2015-02-01,overall,108.9
W.P. Putrajaya,2015-03-01,overall,110.4
W.P. Putrajaya,2015-04-01,overall,111.1
W.P. Putrajaya,2015-05-01,overall,111.8
W.P. Putrajaya,2015-06-01,overall,112.6
W.P. Putrajaya,2015-07-01,overall,114.4
W.P. Putrajaya,2015-08-01,overall,114.5
W.P. Putrajaya,2015-09-01,overall,114.1
W.P. Putrajaya,2015-10-01,overall,114.8
W.P. Putrajaya,2015-11-01,overall,115.7
W.P. Putrajaya,2015-12-01,overall,115.4
W.P. Putrajaya,2016-01-01,overall,115.4
W.P. Putrajaya,2016-02-01,overall,115.3
W.P. Putrajaya,2016-03-01,overall,114.7
W.P. Putrajaya,2016-04-01,overall,115.1
W.P. Putrajaya,2016-05-01,overall,115
W.P. Putrajaya,2016-06-01,overall,115
W.P. Putrajaya,2016-07-01,overall,115.4
W.P. Putrajaya,2016-08-01,overall,115.7
W.P. Putrajaya,2016-09-01,overall,115.4
W.P. Putrajaya,2016-10-01,overall,115.7
W.P. Putrajaya,2016-11-01,overall,116.3
W.P. Putrajaya,2016-12-01,overall,116.4
W.P. Putrajaya,2017-01-01,overall,117.8
W.P. Putrajaya,2017-02-01,overall,118.8
W.P. Putrajaya,2017-03-01,overall,118.6
W.P. Putrajaya,2017-04-01,overall,118.6
W.P. Putrajaya,2017-05-01,overall,118.3
W.P. Putrajaya,2017-06-01,overall,118
W.P. Putrajaya,2017-07-01,overall,118
W.P. Putrajaya,2017-08-01,overall,118.7
W.P. Putrajaya,2017-09-01,overall,119.2
W.P. Putrajaya,2017-10-01,overall,119.1
W.P. Putrajaya,2017-11-01,overall,119.6
W.P. Putrajaya,2017-12-01,overall,119.8
W.P. Putrajaya,2018-01-01,overall,119.8
W.P. Putrajaya,2018-02-01,overall,120.2
W.P. Putrajaya,2018-03-01,overall,120
W.P. Putrajaya,2018-04-01,overall,119.7
W.P. Putrajaya,2018-05-01,overall,119.8
W.P. Putrajaya,2018-06-01,overall,117.6
W.P. Putrajaya,2018-07-01,overall,117.8
W.P. Putrajaya,2018-08-01,overall,117.8
W.P. Putrajaya,2018-09-01,overall,118.4
W.P. Putrajaya,2018-10-01,overall,118.7
W.P. Putrajaya,2018-11-01,overall,119
W.P. Putrajaya,2018-12-01,overall,119.1
W.P. Putrajaya,2019-01-01,overall,119.3
W.P. Putrajaya,2019-02-01,overall,119.6
W.P. Putrajaya,2019-03-01,overall,120.1
W.P. Putrajaya,2019-04-01,overall,120.1
W.P. Putrajaya,2019-05-01,overall,120.2
W.P. Putrajaya,2019-06-01,overall,120.1
W.P. Putrajaya,2019-07-01,overall,120.5
W.P. Putrajaya,2019-08-01,overall,120.6
W.P. Putrajaya,2019-09-01,overall,120.6
W.P. Putrajaya,2019-10-01,overall,120.8
W.P. Putrajaya,2019-11-01,overall,120.9
W.P. Putrajaya,2019-12-01,overall,121.1
W.P. Putrajaya,2020-01-01,overall,121.5
W.P. Putrajaya,2020-02-01,overall,121.5
W.P. Putrajaya,2020-03-01,overall,120.5
W.P. Putrajaya,2020-04-01,overall,117.8
W.P. Putrajaya,2020-05-01,overall,116.3
W.P. Putrajaya,2020-06-01,overall,117.5
W.P. Putrajaya,2020-07-01,overall,120.5
W.P. Putrajaya,2020-08-01,overall,120.8
W.P. Putrajaya,2020-09-01,overall,120.8
W.P. Putrajaya,2020-10-01,overall,121.1
W.P. Putrajaya,2020-11-01,overall,120.7
W.P. Putrajaya,2020-12-01,overall,121.5
W.P. Putrajaya,2021-01-01,overall,122.8
W.P. Putrajaya,2021-02-01,overall,124.4
W.P. Putrajaya,2021-03-01,overall,124.6
W.P. Putrajaya,2021-04-01,overall,124.5
W.P. Putrajaya,2021-05-01,overall,124.5
W.P. Putrajaya,2021-06-01,overall,124.5
W.P. Putrajaya,2021-07-01,overall,124.3
W.P. Putrajaya,2021-08-01,overall,124.3
W.P. Putrajaya,2021-09-01,overall,125.1
W.P. Putrajaya,2021-10-01,overall,125.6
W.P. Putrajaya,2021-11-01,overall,125.8
W.P. Putrajaya,2021-12-01,overall,126.4
W.P. Putrajaya,2022-01-01,overall,128.2
W.P. Putrajaya,2022-02-01,overall,131.7
W.P. Putrajaya,2022-03-01,overall,132.1
W.P. Putrajaya,2022-04-01,overall,132.7
W.P. Putrajaya,2022-05-01,overall,133.9
W.P. Putrajaya,2022-06-01,overall,134.6
W.P. Putrajaya,2022-07-01,overall,135.2
W.P. Putrajaya,2022-08-01,overall,134.9
W.P. Putrajaya,2022-09-01,overall,135.2
W.P. Putrajaya,2022-10-01,overall,135.2
W.P. Putrajaya,2022-11-01,overall,135.8
W.P. Putrajaya,2022-12-01,overall,136.4
W.P. Putrajaya,2023-01-01,overall,135.8
W.P. Putrajaya,2023-02-01,overall,137.9
W.P. Putrajaya,2023-03-01,overall,138
W.P. Putrajaya,2023-04-01,overall,138.1
W.P. Putrajaya,2023-05-01,overall,138.1
W.P. Putrajaya,2023-06-01,overall,138.4
W.P. Putrajaya,2023-07-01,overall,138.7
W.P. Putrajaya,2023-08-01,overall,138.6
W.P. Putrajaya,2023-09-01,overall,138.7
W.P. Putrajaya,2023-10-01,overall,138.9
W.P. Putrajaya,2023-11-01,overall,138.9
W.P. Putrajaya,2023-12-01,overall,139.2
W.P. Putrajaya,2024-01-01,overall,139.5
W.P. Putrajaya,2024-02-01,overall,140.1
W.P. Putrajaya,2024-03-01,overall,140
W.P. Putrajaya,2024-04-01,overall,140.3
W.P. Putrajaya,2024-05-01,overall,140.3
W.P. Putrajaya,2024-06-01,overall,140.4
W.P. Putrajaya,2024-07-01,overall,140.3
W.P. Putrajaya,2024-08-01,overall,140.4
